VGhFIGZFZCBGaVhlRCB0SGUgTWFSa0V0,MjQ=,V293LCB0aGV5IHJlYWxseSByZXZlcnNlZCB0aGUgZGFtYWdlIGd1eXMhIENoZWNrIG91dCB0aGF0IGludmVyc2UhIGhhaGFoYWhhYWhhaC4gSXQgaXMgYWxtb3N0IGFzIGlmIHRoZSBiZWFyIG1hcmtldCBJUyBTVElMTCBIRVJFLiBORVZFUiBET1VCVCBUSEUgUk9OQSwgV0UgRE9OVCBFVkVOIEhBVkUgTElNRVMgWUVULgoKaHR0cHM6Ly9wcmV2aWV3LnJlZGQuaXQvdjVjYWhrb2Mxcmo0MS5wbmc/d2lkdGg9Nzc0JmZvcm1hdD1wbmcmYXV0bz13ZWJwJnM9MGVjMWExNjZjNzcyNzUyYWQ0NGQxZmRhZjBkM2JkZjE4NzYxYmI4MA==,MTU4Mjk2MTMwNy4w
RG9uJ3QgYmVsaWV2ZSB0aGUgSiBQb3dlbGwgRkVEIGN1dA==,OQ==,VGhlIGZlZCB3aWxsIGFjdCBhcHBvcmlhdGx5IGxpbmUgY291bGQgbWVhbiBhIGxvdCBvZiBzaGl0LiBIaWdobHkgZG91YnQgaXQncyBhIHJhdGUgY3V0IHNpbmNlIHRoZSBGRUQgZGlkbid0IGN1dCByYXRlcyBmb3IgdGhlIG1ham9yaXR5IG9mIHRoZSBTQVJzIGVwaWRlbWljLgoKVGhlcmUncyBzdGlsbCBhIGxvdCBvZiBkYXlzIGJldHdlZW4gbm93IGFuZCBmZWQgbWVldGluZyBpbiBNYXJjaCAxNy0xOCB3aGljaCBtZWFucyBhIHdob2xlIGxvdCBDb3JvbmEgbmV3cy4gSXQncyBnb25uYSBnZXQgd29yc2UgYmVmb3JlIGl0IGdldHMgYmV0dGVyLgoKVGhvdWdodHM/Pw==,MTU4Mjk2MTE4Mi4w
UHVzc3kgYml0Y2gsIGNoZWNraW5nIGlu,Mw==,TWlzc2VkIHRpbWluZyB0aGUgcGVhaywgYnV0IHN0aWxsIHB1bGxlZCB+JDM2MGsgd29ydGggb2Ygc3RvY2sgdG9kYXkgKGF0IHRoZSBib3R0b20pLiAgSSBwdXNzaWVkIG91dCBhbmQgbGVmdCB+JDMwMGsgaW52ZXN0ZWQsIGN1eiBpIGRvbid0IGhhdmUgdGhlIGJhbGxzIHRvIGFjdCBkZWNpc2l2ZWx5IGluIHRoZSBmYWNlIG9mIGNhbGFtaXR5CgpJZiB5b3UgYXNrIG15IG9waW5pb24sIHRoaXMgaXMgb25seSBnb25uYSBnZXQgd29yc2UgbmV4dCB3ZWVrLgoKV2hhdCBkaWQgb3RoZXIgcHVzc3kgYml0Y2hlcyBkbyB0b2RheT8KCkhlcmUncyBhIGxpdHRsZSBzbmlwcGV0OiBodHRwczovL2ltZ3VyLmNvbS9hL1dINGpDOUggKHNjaHdhYnMgaW50ZXJmYWNlIGlzIHNoaXQsIGFuZCBpbSBhcnRhcmRlZCwgc28gY2FudCBnaXZlIHlvdSBhIHNleHkgZ3JhcGgpLiBodHRwczovL2ltZ3VyLmNvbS9hL09kSVVQYlEgKFZhbmd1YXJkcyBpbnRlcmZhY2UgaXMgc2hpdHRlcik=,MTU4Mjk2MDk5NS4w
MSBNb250aCBDaGFsbGVuZ2UgUG9ybg==,Ng==,,MTU4Mjk1NjQ3Ni4w
QmVhciBNYXJrZXRzIE9ubHkgTGFzdCBhIFdlZWs=,MzY=,,MTU4Mjk2MDA5MS4w
wqsgT25jZSBpbiBhIGNlbnR1cnkgcGF0aG9nZW5zIMK7IPCfjIjwn5C7,NDg=,QWxzbyBzYXlzIGtpbGwgcmF0ZSBpcyBoaWdoZXIgdGhhbiB0aGUgMTk1NyBmbHUuLi4KCktlZXAgdGhhdCBpbiBtaW5kIGlmIHlvdSB0aGluayB0aGUgbGFzdCAxNW1pbnMgbWFrZXMgZXZlcnl0aGluZyBidWxsIGFuZCBva2F5Li4uCgpUaGlzIGlzIGp1c3QgdGhlIGJlZ2lubmluZyAhISBCdWNrbGUgdXAhIAoKCmh0dHBzOi8vd3d3LmNuYmMuY29tLzIwMjAvMDIvMjgvYmlsbC1nYXRlcy1zYXlzLWNvcm9uYXZpcnVzLW1heS1iZS1vbmNlLWluLWEtY2VudHVyeS1wYXRob2dlbi5odG1s,MTU4Mjk2MDIzOC4w
QW0gSSBhIGtpbmcgdGFyZD8=,Ng==,V29rZSB1cCB0aGlzIEFNIHdpdGggc3dlZXQgRVdJIHB1dHMgZ2FpbnMgYW5kIGNhc2hlZCBvdXQgMTc1JSB1cC4gIERlY2lkZWQgdG8gcm9sbCBvdmVyIHRvIHNvbWV0aGluZyBlbHNlIGJ1dCBhbGwgdGhlIGZyZWFraW5nIHN0cmlrZSBwcmljZXMgY29zdCBtb3JlIHRoYW4gSSBjb3VsZCBhZmZvcmQsIGV4Y2VwdCBTUENFLiBJIHNhdyBxdWljayBkb3dud2FyZCBtb3ZlbWVudCBhbmQgYm91Z2h0IDMvMTMgcHV0cyBmb3IgZnVja2luZyAxNyQuIFlvdSBrbm93IGhvdyBTUENFIGRpZCByZXN0IG9mIHRoZSBkYXkuIEkgZXhwZWN0ZWQgZnVsbCBib3R0b21pbmcgY3V6IG9mIGhpZ2ggUC9FIGFuZCBsaXRlcmFsbHkgbm90aGluZyBqdXN0aWZ5aW5nIGl0J3MgY3VycmVudCBwcmljZS4KClNvIGFtIEkgbGlrZSBhIHJldGFyZCBvciBzb21ldGhpbmc/IERvIEkgc2lnbiB1cCBmb3IgZGlzYWJpbGl0eSBiZW5lZml0cyBub3c/IElmIEkgZG9udCBnZXQgcmljaCBJJ2xsIGRpZS4gcGxlYXNlIGhlbHA=,MTU4Mjk2MDIyMi4w
TGV0J3Mgc3RhcnQgYSBwZXRpdGlvbiB0byByZW1vdmUgUERUIHJlc3RyaWN0aW9ucw==,MjM=,VGhpcyBydWxlIGhhcyBmdWNrZWQgb3ZlciBtZSBhbmQgbWFueSBvdGhlcnMgd2hvIGRvbid0IGtlZXAgYWxsIG91ciBtb25leSBpbiBvdXIgdHJhZGluZyBhY2NvdW50cy4gSXQncyBhIGJ1bGxzaGl0IHJ1bGUgd2l0aCBhYnNvbHV0ZWx5IG5vIHJhdGlvbmFsZSBhbmQgZG9lcyBtb3JlIGhhcm0gdGhhbiBnb29kLiBXZSBoYXZlIGFsbW9zdCBhIG1pbGxpb24gcGVvcGxlIGhlcmUsIHdlIGNvdWxkIGJlIHRoZSBjaGFuZ2Uu,MTU4Mjk2MDEyNC4w
V2Vla2x5IFRlbmRpZXMgVGhyZWFkIC0gRmVicnVhcnkgMjgsIDIwMjA=,NQ==,UG9zdCBwaWN0dXJlcyBvZiB5b3VyIHdlZWtseSB0ZW5kaWVzISAgTGl0ZXJhbCBvciBub3QuCgpbV1NCIERpc2NvcmQgQ2hhdF0oaHR0cHM6Ly9kaXNjb3JkYXBwLmNvbS9pbnZpdGUveHBkYmVHVCk=,MTU4Mjk1OTg3MC4w
SGlyb3NoaW1hIDIuMA==,MTM=,QWxyaWdodCB54oCZYWxsLCBJIG1heSBhY3R1YWxseSBoYXZlIHNvbWV0aGluZyBoZWxwZnVsIHRvIGNvbnRyaWJ1dGUgZm9yIG9uY2UuIFNob3J0IEphcGFuLCBhbmQgaXQgbWFrZXMgcGVyZmVjdCBzZW5zZS4gSmFwcyBoYXZlIGJlZW4gcHJlcGFyaW5nIGZvciB0aGUgU3VtbWVyIE9seW1waWNzIGZvciBhIGxvbmcgdGltZSBhbmQgaGVyZeKAmXMgdGhlIGltcG9ydGFudCBwYXJ0IC0gaWYgYmVlciB2aXJ1cyBjb250aW51ZXMgc3ByZWFkaW5nLCBEaWNrIFBvdW5kICh5ZXMsIHJlYWwgbmFtZSkgc2FpZCBhIGNhbmNlbGxhdGlvbiBvZiB0aGUgZ2FtZXMgaXMgbW9yZSBsaWtlbHkgdGhhbiBhIHBvc3Rwb25lbWVudC4gCgpodHRwczovL3d3dy5wb2xpdGljby5jb20vbmV3cy8yMDIwLzAyLzI1L2lvYy1tZW1iZXItY29yb25hdmlydXMtb2x5bXBpY3MtY2FuY2VsYXRpb24tMTE3NDM0CgpFV0ogcG9vdCBwcmVtaXVtcyBhcmUgc3VwZXIgY2hlYXAsIHNvIGxvYWQgdXAgYW5kIGxldOKAmXMgZ2V0IHJpY2ggdG9nZXRoZXIu,MTU4Mjk1OTg0Mi4w
SWYgaXQncyBnb29kIGVub3VnaCB0byBzY3JlZW5zaG90Li4u,Mw==,U2luY2VyZWx5IGEg8J+MiPCfkLsKCmh0dHBzOi8vcHJldmlldy5yZWRkLml0L3llMTRlOGM4d3FqNDEucG5nP3dpZHRoPTE4NzEmZm9ybWF0PXBuZyZhdXRvPXdlYnAmcz05ODI3YWY5YjE5MDgyZjc0NGFiZWUzMjQyMWU2ZDllMzk3Y2I5OThhCgpQcm9iYWJseSBzaG91bGQndmUgaGVsZCB0aGUgNDIwUCBidXQgPjEwMCUgZ2FpbiBpcyBnb29kIGVub3VnaCBmb3IgbWUu,MTU4Mjk1OTczMS4w
VGhlIE1vbmRheSBhZnRlciB0aGUgYmxvb2QtZmlsbGVkIHdlZWsgd2hlbiB0aGUgaG91c2luZyBjcmlzaXMgc3RydWNrIHRoZSBzdG9jayBtYXJrZXQgaW4gQXVndXN0IDIwMDgsIHRoZSBTJlAgNTAwIHBvc3RlZCBhIDE0JSBpbiBvbmUgZGF5IC0gYmVmb3JlIHNsb3dseSBzbHVtcGluZyBiYWNrIGRvd24gaW50byBhIGZ1bGwtZmxlZGdlZCBiZWFyIG1hcmtldC4=,MTc=,SnVzdCBzb21lIGNvbnRleHQgYWZ0ZXIgdGhpcyBwYXN0IGJsb29kLWZpbGxlZCB3ZWVrLiBTaGl0J3MgdW5wcmVkaWN0YWJsZSBhbmQgd2UgY291bGQgdmVyeSB3ZWxsIGV4cGVyaWVuY2UgYSBodWdlIHB1bGxiYWNrIHRvIHJlbGF0aXZlIG5vcm1zIGJlZm9yZSBjb25maXJtaW5nIHRoYXQgYSBiZWFyIG1hcmtldCBpcyBvbiB0aGUgd2F5Lg==,MTU4Mjk1OTUxMC4w
TW9uZGF5IEJsb29kYmF0aA==,NTU=,U28gYmFzaWNhbGx5IGl0IHdpbGwgYmUgYSBmaWdodCBiZXR3ZWVuIGJhZCBhbmQgZ29vZCBuZXdzLCB3aGF0IGRvIHlvdSB0aGluayB3aWxsIGhhcHBlbiBvbiBNb25kYXkgYW5kIHdoeT8KClN0cmF3bHBvbGw6IAoKW2h0dHBzOi8vc3RyYXdwb2xsLmNvbS96Z2VjNzM2c10oaHR0cHM6Ly9zdHJhd3BvbGwuY29tL3pnZWM3MzZzKQoKJiN4MjAwQjsKCkkgd2lsbCBob2xkIG15IHB1dHMgb3ZlciB0aGUgd2Vla2VuZCwgd2hvIGlzIGluIHdpdGggbWUgbG9zaW5nIGFsbCB0aGVpciBtb25leSBhZ2Fpbj8=,MTU4Mjk1OTMyMC4w
RGVhbiBLb29udHogcHJlZGljdGVkIHRoZSBXdUZsdT8/,OA==,RGVhbiBLb29udHMgKGNPT250ej8pIHdyb3RlIGEgIGJvb2sgaW4gMTk4MSBjYWxsZWQgVGhlIEV5ZXMgb2YgRGFya25lc3MgYWJvdXQgYSBsYWItZ3Jvd24gQ2hpbmVzZSBiaW93ZWFwb24gY2FsbGVkIHRoZSBXdWhhbi00MDAgdGhhdCBnb2VzIG9uIGEga2lsbGluZyByYW1wYWdlIGluIHRoZSB5ZWFyIDIwMjAuICAgCgpUaGUgV3VoYW4tNDAwIGhhcyBzb21lIHNpbWlsYXJpdGllcyB0byB3aGF0IGZ1Y2tlcnkgaXMgYWN0dWFsbHkgaGFwcGVuaW5nIHJpZ2h0IG5vdyBidXQgaXRzIG5vdCAxMDAlIGFjY3VyYXRlLiAgU3VyZSwgaXRzIHBuZXVtb25pYS1saWtlIGFuZCBpdCBraWxscyBwZW9wbGUgKGFtb25nIG90aGVyIHRoaW5ncykgYnV0IHdoYXQgdGhlIGJvb2sgZG9lc24ndCBtZW50aW9uIGlzIGl0IHdvdWxkIGtpbGwgdGhlIGdyZWF0ZXN0IGJ1bGwgcnVuIHRoZSBtYXJrZXQgaGFzIGV2ZXIgc2VlbiBhbmQgdGhhdCBhIG1hbiBuYW1lZCBKUE9XIHdhcyBhYmxlIHRvIGZ1Y2sgZXZlcnkgZ2F5IGJlYXIgaW4gdGhlIGFzcyBhdCAyOjMwcG0gRVNUIG9uIEZlYnJ1YXJ5IDI4LCAyMDIwLgoKSGVyZSdzIGFuIGFydGljbGUgZm9yIHRob3NlIG9mIHlvdSB0aGF0IGNhbiByZWFkOiAgW2h0dHBzOi8vd3d3LnJldXRlcnMuY29tL2FydGljbGUvdWstZmFjdGNoZWNrLWNvcm9uYXZpcnVzLWtvb250ei1ib29rL3BhcnRseS1mYWxzZS1jbGFpbWEtMTk4MS1ib29rLXByZWRpY3RlZC10aGUtY29yb25hdmlydXMtMjAxOS1vdXRicmVhay1pZFVTS0NOMjBNMTlJXShodHRwczovL3d3dy5yZXV0ZXJzLmNvbS9hcnRpY2xlL3VrLWZhY3RjaGVjay1jb3JvbmF2aXJ1cy1rb29udHotYm9vay9wYXJ0bHktZmFsc2UtY2xhaW1hLTE5ODEtYm9vay1wcmVkaWN0ZWQtdGhlLWNvcm9uYXZpcnVzLTIwMTktb3V0YnJlYWstaWRVU0tDTjIwTTE5SSkgCgpUaGF0J3Mgc29tZSBOb3N0cmFkYW11cyBzaGl0IHJpZ2h0IHRoZXJlLiAgV2UgbmVlZCB0byBzdGFydCByZWFkaW5nIHNvbWUgbW9yZSBmdWNraW4nIGJvb2tzIHNvIHdlIGNhbiBwcmVwIGZvciB0aGVzZSBibGFjayBzd2Fucy4uLiBpZiB3ZSBkbyB0aGF0IHRoZW4gd2UgY2FuIGZ1cmlvdXNseSBtYXN0dXJiYXRlIHRvIGV2ZW4gYmlnZ2VyIGdhaW5zLgoKRnVjayBhbGdvcyBhbmQgc3BlbmQgeW91ciB0ZW5kaWVzIHdpc2VseS4KCgp4b3hv,MTU4Mjk1OTI3NS4w
V1NCIE1vbnRobHkgLSBGZWJydWFyeSBSZWNhcA==,Mjg=,WyBdKGh0dHBzOi8vcHJldmlldy5yZWRkLml0L2tqc3ZjYzl3b3FqNDEucG5nP3dpZHRoPTEyMDAmZm9ybWF0PXBuZyZhdXRvPXdlYnAmcz0yYmI4ZWJkNzU2ODE2ZTIzNWQ5YzMxZGJlMDI4ODY3OWNiMjBlZGYwKQoKIyBGZWJydWFyeSBSZWNhcAoKV2hhdOKAmXMgdXAgV1NCLCBJIGRvbuKAmXQgcG9zdCBvbiBSZWRkaXQgYnV0IHlvdeKAmXZlIHByb2JhYmx5IHRhbGtlZCB0byBtZSBvbiBEaXNjb3JkIGF0IHNvbWUgcG9pbnQsIEnigJltIGhlcmUgdG8gYnJpbmcgc29tZXRoaW5nIG5ldyB0byB0aGUgc3VicmVkZGl0LiBTdGFydGluZyB0b2RheSwgSeKAmWxsIGJlIGRvaW5nIG1vbnRobHkgcmVjYXBzIG9mIHdoYXQgd2VudCBkb3duIGluIHRoZSBzdWJyZWRkaXQuIE15IGhvcGUgaXMgdG8gaGF2ZSBhIG1vbnRoLWJ5LW1vbnRoIGxvZyBzbyB3ZSBjYW4gYWx3YXlzIHNlZSB3aGF0IHRoZSBiaWdnZXN0IG1vdmVzLCBzdG9ja3MsIGdhaW5zL2xvc3NlcywgYW5kIGdlbmVyYWwgcmV0YXJkYXRpb24gd2VyZSBvZiB0aGUgbW9udGgsIGV2ZXJ5IG1vbnRoLiBJ4oCZbSB0YWtpbmcgdGhlIHRpbWUgdG8gZG8gdGhpcyBiZWNhdXNlIHRoaXMgaXMgdGhlIG9ubHkgc3VicmVkZGl0IEkgaGF2ZSBldmVyIGdlbnVpbmVseSBlbmpveWVkIGFuZCBoYXMgbmV2ZXIgcGlzc2VkIG1lIG9mZiBpbiB0aGUgc2xpZ2h0ZXN0LCBJIHBsYW4gb24gYmVpbmcgYSBwYXJ0IG9mIHRoZSBjb21tdW5pdHkgZm9yIGFzIGxvbmcgYXMgaXQgc3RhbmRzIGFuZCBJIHdvdWxkIGxvdmUgdG8gaGF2ZSBzb21ldGhpbmcgdG8gbG9vayBiYWNrIG9uIGFuZCBzZWUgaG93IHRoZSBzdWJyZWRkaXQgZXZvbHZlcyBvdmVydGltZTsgaeKAmW0gc3VyZSB5b3UgZ3V5cyB3b3VsZCBsaWtlIHRoYXQgdG9vLiBUaGluayBvZiBpdCBhcyBhIHRpbWUgY2Fwc3VsZS4KClsgXShodHRwczovL3ByZXZpZXcucmVkZC5pdC9sNHo4M3kyem9xajQxLnBuZz93aWR0aD0xMjAwJmZvcm1hdD1wbmcmYXV0bz13ZWJwJnM9NjYzNTYxYWRkZDAxN2UxMzJmNmI1YTg4YmUwZGYzNTY2MzFjMzUwOSkKCiMgVG9wIFBvc3RzIG9mIHRoZSBNb250aAoKVGhlIG51bWJlciBvbmUgYW5kIHR3byBzcG90IGdvZXMgdG8gdS9XU0Jnb2QsIHdobyBtYW5hZ2VkIHRvIHJlY2VpdmUgOTUuNWsgdXB2b3RlcyBhbmQgMTQ1IHJlZGRpdCBhd2FyZHMgYmV0d2VlbiBib3RoIHBvc3RzLiBBcyBoaXMgbmFtZSBtaWdodCBzdWdnZXN0LCBoZSBtYWRlIGFuIGluY3JlZGlibGUgZ2FpbiwgYW1hc3NpbmcgYW4gaW5zYW5lIGFtb3VudCBvZiA4IG1pbGxpb24gZG9sbGFycyBieSBoYXZpbmcgNDIwIGNhbGwgb3B0aW9uIGNvbnRyYWN0cyBvbiAkVFNMQS4gQmVmb3JlIHlvdSBnZXQgc2tlcHRpY2FsLCBoaXMgZ2FpbnMgd2VyZSB2ZXJpZmllZCBieSBtb2RlcmF0b3JzLiBHb2RzcGVlZCwgdS9XU0Jnb2QuIFlvdSBjYW4gbG9vayBhdCB0aGUgb3JpZ2luYWwgcG9zdHMgaGVyZToKCltSRVBPUlRTIE9GIE1ZIERFQVRIIEhBVkUgQkVFTiBHUkVBVExZIEVYQUdHRVJBVEVEXShodHRwczovL3d3dy5yZWRkaXQuY29tL3Ivd2FsbHN0cmVldGJldHMvY29tbWVudHMvZXp3YnZlL29uZSkKCltET07igJlUIERPVUJUIFVSIFZJQkVdKGh0dHBzOi8vd3d3LnJlZGRpdC5jb20vci93YWxsc3RyZWV0YmV0cy9jb21tZW50cy9leXRtajUvdHdvKQoKT3VyIG51bWJlciB0aHJlZSBzcG90IGdvZXMgdG8gdS9DYXN1YWxseUV4cGxhaW5lZCwgYSBZb3VUdWJlciB3aG8gbWFkZSB0aGVpciBmaXJzdCBwb3N0IG9uIHIvV2FsbFN0cmVldEJldHMgYW5kIHJlY2VpdmVkIDM3LjZrIHVwdm90ZXMgYW5kIDkgYXdhcmRzLiBJIGNhbuKAmXQgcmVhbGx5IGV4cGxhaW4gdGhpcyBwb3N0LCBhbGwgSSBjYW4gc2F5IGlzLCBpdCByZXByZXNlbnRzIGFsbCBvZiB1cyBwcmV0dHkgcGVyZmVjdGx5LgoKW0hhLCB0aGF04oCZcyBhbiBlYXN5IG9uZV0oaHR0cHM6Ly93d3cucmVkZGl0LmNvbS9yL3dhbGxzdHJlZXRiZXRzL2NvbW1lbnRzL2YwYmoxYi90aHJlZSkKCknigJlkIGFsc28gbGlrZSB0byBhZGQgdHdvIHBvc3RzIHRoYXQgaGl0IG51bWJlciA1IGFuZCA2IG9uIHRoaXMgbW9udGjigJlzIHRvcCBwb3N0cywgb25lIG9mIHdoaWNoIHdhcyBhIHZpZGVvIHBvc3RlZCBieSB0aGUgbGVnZW5kYXJ5IHUvaGF1cHQ5MSB0aGF0IGdpdmVzIHVzIGEgU3RhdGUgb2YgdGhlIFN1YnJlZGRpdCBiYXNlZCBvbiB0aGUgU3RhdGUgb2YgdGhlIFVuaW9uLiBJZiB5b3UgaGF2ZW7igJl0IHNlZW4gdGhlIHZpZGVvIGFscmVhZHksIEkgc3Ryb25nbHkgc3VnZ2VzdCB3YXRjaGluZyBpdCwgaXTigJlsbCBnaXZlIHlvdSBhIGdvb2QgbGF1Z2guCgpbU3RhdGUgb2YgdGhlIFNwZWN0cnVtXShodHRwczovL3d3dy5yZWRkaXQuY29tL3Ivd2FsbHN0cmVldGJldHMvY29tbWVudHMvZXpycmJ6L3N0YXRlKQoKVGhlIDZ0aCBzcG90IG9uIHRoZSBsaXN0IGlzIGRlZGljYXRlZCB0byB1L1RpbWV0cmF2ZWxsZXIyMDE1IGR1ZSB0byBoaXMgYXBwYXJlbnQgKG5vdCBzdXJlIGlmIGl04oCZcyB2ZXJpZmllZCkgbWFqb3IgbG9zcy4gSGUgc3RhdGVzIHRoYXQgaGUgc3RhcnRlZCB0cmFkaW5nIDQgeWVhcnMgYWdvIGFuZCBibGV3IGFuIGFjY291bnQgdGhhdCB3YXMgd29ydGggJDEway4gVGhlIGZvbGxvd2luZyB5ZWFyLCBoZSBsb3N0ICQyNWsgZm9sbG93ZWQgYnkgYSAkMjBrIGxvc3MgbGFzdCB5ZWFyLiBUaGUgcGFzdCAyIHllYXJzLCBoZSBkaXNjb3ZlcmVkIGluZGljYXRvcnMgYW5kIGluZGV4ZXMgYmVmb3JlIHJlYWxpemluZyB0aGF0IHRoZXkgZG9u4oCZdCB3b3JrIGFzIGludGVuZGVkIHdoZW4gdGhlIG1hcmtldCBpcyB0cmVuZGluZy9wYXJhYm9saWMsIGNhdXNpbmcgYSAkMTVrIHByb2ZpdCBiZWZvcmUgZ29pbmcgYmFjayBkb3duIHRvIGEgbG9zcyBvZiAkNDVrLiBBbHRob3VnaCwgbG9va2luZyBhdCBoaXMgcG9zdCBoaXN0b3J5IGhl4oCZcyByZWNlbnRseSBiZWVuIHRyYWRpbmcgVFNMQSwgc28gSSBkb27igJl0IHRoaW5rIHRoaXMgd2lsbCBiZSB0aGUgbGFzdCB3ZeKAmWxsIGhlYXIgZnJvbSBoaW0uIFlvdSBjYW4gY2hlY2sgdGhlIG9yaWdpbmFsIHBvc3QgW2hlcmUuXShodHRwczovL3d3dy5yZWRkaXQuY29tL3Ivd2FsbHN0cmVldGJldHMvY29tbWVudHMvZjE2cjVtL3F1aXQpCgpIb25vcmFibGUgbWVudGlvbiB0aGF0IGRpZG7igJl0IG1ha2UgaXQgdG8gdGhlIHRvcCBwb3N0cyBvZiB0aGUgbW9udGggYnV0IHNob3VsZCBiZSByZWNvZ25pemVkIGFueXdheXMsIHUvQW1idWRyaXZlcjAzIG1hbmFnZWQgdG8gbWFrZSBbV1NC4oCZIGZpcnN0IGFuZCBvbmx5IDEwMCwwMDAlKyBnYWluLl0oaHR0cHM6Ly93d3cucmVkZGl0LmNvbS9yL3dhbGxzdHJlZXRiZXRzL2NvbW1lbnRzL2Y2ZmxoNS8xMDAweCkgSGUgYm91Z2h0IGEgVFNMQSBjYWxsIHdpdGggYSBzdHJpa2Ugb2YgJDgwMCBleHBpcmluZyBpbiAyMDIxIGZvciAqZm91cnRlZW4qIGRvbGxhcnMuIEhlIGJvdWdodCB3aGVuIHRoZSBzdG9jayB3YXMgNDAwIE9UTSBhbmQgc2F5cyBoZSBib3VnaHQgaXQgYXMgYSBqb2tlLCB0aGVuIHNvbGQgaXQgb24gdGhlIDE5dGggZm9yICQxNDIwMC4gSWYgeW914oCZcmUgZ29ubmEgbGVhcm4gYSBsZXNzb24gZnJvbSB0aGlzIG9uZSwgaXTigJlzIHRoYXQgbWFraW5nIGEgam9rZSBvdXQgb2YgYSBjYWxsIG9wdGlvbiBjYW4gcG90ZW50aWFsbHkgbmV0IHlvdSAxNGsgZG9sbGFycyBpbnN0ZWFkIG9mIFJlZGRpdCBrYXJtYSBpbiBqdXN0IHVuZGVyIHR3byBtb250aHMgd2l0aCBhIG1heGltdW0gbG9zcyBvZiAkMTQgaWYgaXQgZ29lcyB0aXRzIHVwLgoKQW5vdGhlciBob25vcmFibGUgbWVudGlvbiB0aGF0IGRpZG4ndCBtYWtlIGl0IHRvIHRoZSB0b3AgcG9zdHMsIHUvdGhleWNhbGxtZXJ5YW4gbWFuYWdlZCB0byBbY2FsbCB0aGlzIG1hcmtldCBjb3JyZWN0aW9uIGJlZm9yZSBpdCBoYXBwZW5lZF0oaHR0cHM6Ly93d3cucmVkZGl0LmNvbS9yL3dhbGxzdHJlZXRiZXRzL2NvbW1lbnRzL2Y1c2VvZy9zYXJzX3ZzX2Nvcm9uYXZpcnVzX3doeV9pdHNfZGlmZmVyZW50X3RoaXNfdGltZS8pIHdpdGggZ2VudWluZSBhbmFseXNpcy4gSGUgd2FybmVkIHVzIHRoYXQgb3VyIGVjb25vbXkgaXNuJ3QgdGhlIHNhbWUgYXMgaXQgd2FzIGluIDIwMDMgd2hlbiB0aGUgU0FSUyBvdXRicmVhayBoYXBwZW5lZCBhbmQgaG93IHRoZSB0ZWNobm9sb2d5IHNlY3RvciB3aWxsIHRha2UgYSBodWdlIGhpdCBiZWNhdXNlIENoaW5hIHBsYXllZCBhIGJpZyByb2xlIGluIHRoZSBtYWpvcml0eSBvZiBvdXIgc3RvY2sgbWFya2V0IGdyb3d0aC4gSGUgYWR2aXNlZCB0byBtYWtlIHB1dHMgb24gc2VtaWNvbmR1Y3RvcnMgYW5kIEFwcGxlLCB3aGljaCBlbmRlZCB1cCBnb2luZyBkb3duIHRoaXMgd2VlayBhbmQgd291bGQgaGF2ZSBsZWQgdG8gYSBodWdlIHByb2ZpdCwgaGFkIHlvdSBwbGFjZWQgcHV0cyBvbiB0aGVtLiBJdCdzIGEgbG9uZyByZWFkLCBidXQgZGVmaW5pdGVseSB3b3J0aCBpdCwgY29taW5nIGZyb20gc29tZW9uZSB0aGF0IGNhbiBjbGVhcmx5IHRpbWUtdHJhdmVsLgoKJiN4MjAwQjsKClsgXShodHRwczovL3ByZXZpZXcucmVkZC5pdC83d2U5cm5zY3JxajQxLnBuZz93aWR0aD0xMjAwJmZvcm1hdD1wbmcmYXV0bz13ZWJwJnM9ZTU2YzRhZmJkZTFhZjU0NjRjMGZjOGVmNTZjNTI2NjAzOTI1ZWRiYSkKCiMgQmlnZ2VzdCBNb3ZlcnMgb2YgdGhlIE1vbnRoCgpNYW4sIHdlIGhhZCBhIHRlcnJpYmxlIHdlZWssIFNQWSBpcyBkb3duIDExLjMyJSBmb3IgdGhlIG1vbnRoIGFuZCBET1cgY2xvc2VkIGRvd24gMTAuMzMlIGZvciB0aGUgbW9udGguIFRoaXMgd2VlayB3YXMgYmxvb2QgcmVkIGFuZCB0aGUgYmVhcnMgZmluYWxseSB3b24gdGhpcyBiYXR0bGUsIGJ1dCB0aGF0IGRvZXNu4oCZdCBzdG9wIHRoZXNlIHN0b2NrcyBmcm9tIHJlYWNoaW5nIGFsbCB0aW1lIGhpZ2hzIHdpdGhpbiB0aGUgbW9udGguIFVuZm9ydHVuYXRlbHksIHRoZXkgYWxsIGNhbWUgY3Jhc2hpbmcgYmFjayBkb3duIGR1ZSB0byB0aGUgYmVlciB2aXJ1cy4gSG9wZSB5b3Ugc29sZCB3aGVuIHRoZXkgd2VyZSBhdCB0aGVpciB0b3AuIEdVSC4KCldpdGggYSBsaXR0bGUgaGVscCBmcm9tIHUvUHJvZ3I0bW1hdGljIGFuZCBoaXMgZXh0cmVtZWx5IGhlbHBmdWwgZ3JhcGhzLCBoZXJlIGFyZSBzb21lIG9mIHRoaXMgbW9udGjigJlzIGJpZ2dlc3QgbW92ZXJzIGluIG5vIHBhcnRpY3VsYXIgb3JkZXIuIFlvdSBzaG91bGQgY2hlY2sgaGltIG91dCBhbmQgc2VlIHNvbWUgZ3JhcGhzLCBoZSBwb3N0cyB0aGVtIGRhaWx5IGFuZCBpdCBpbnZvbHZlcyBzdHVmZiBsaWtlIFvigJxXaGF04oCZcyBtb3ZpbmcgcHJlbWFya2V0IC0gJFJPUEUgZWRpdGlvbuKAnV0oaHR0cHM6Ly93d3cucmVkZGl0LmNvbS9yL3dhbGxzdHJlZXRiZXRzL2NvbW1lbnRzL2Y4cmlucy93aGF0cykKCioqU1BDRSoqCgpGZWJydWFyeSB3YXMgYSBodWdlIG1vbnRoIGZvciBTUENFLCBnYWluaW5nIDcwJSBpbiBhIHNpbmdsZSB3ZWVrIGFuZCAzOC4xNiUgZm9yIHRoZSBlbnRpcmUgbW9udGgsIHN0YXJ0aW5nIGF0IGEgcHJpY2Ugb2YgJDE3LjY3IG9uIEZlYnJ1YXJ5IDNyZCBhbmQgcmVhY2hpbmcgYW4gQVRIIG9mICQzOS45OCBvbiBGZWJydWFyeSAyMHRoLiBUaGlzIHN0b2Nr4oCZcyB1cHJpc2luZyBzZWVtcyB0byBiZSBmdWVsZWQgYnkgY29tcGFyaXNvbnMgdG8gVGVzbGEgYnkgdGhlIG1lZGlhLCBob3BlcyBvZiBhbiBhbWF6aW5nIGZ1dHVyZSBmb3IgdGhlIGNvbXBhbnksIG1lZGlhIHBpY2tpbmcgaXQgdXAgd2l0aCBtYW55IGRpZmZlcmVudCBvcHBvc2VkIHNpZGVzLCBhbmQgRk9NTy4gVW5mb3J0dW5hdGVseSwgdGhlIGh5cGUgaGFzIGRpZWQgZG93biBkdWUgdG8gbm8gbmV3IGFubm91bmNlbWVudHMgYW5kIGEgZmFpbGVkIGVhcm5pbmdzIHJlcG9ydCwgbGVhZGluZyB0byBhIGNyYXNoIG9mICQyNC42MiBhcyBvZiB0b2RheS4KCioqVFNMQSoqCgpGZWJydWFyeSB3YXMgYWxzbyBhIGh1Z2UgbW9udGggZm9yIFRTTEEsIGhpdHRpbmcgYW4gQVRIIG9mICQ5NDUuMDkgb24gRmVicnVhcnkgNHRoIGZvbGxvd2VkIGJ5IGEgbWFzc2l2ZSBkcm9wIHRvICQ3MjMuMzMgdGhlIG5leHQgZGF5LiBUU0xBIG1hbmFnZWQgdG8gcmVib3VuZCB0byAkOTE5LjUwLCBzYWRseSBsZWFkaW5nIHRvIGEgaGVhdnkgZHJvcCB0byAkNjY2LjQyIGFzIG9mIHRvZGF5IGJ1dCBzdGlsbCBlbmRpbmcgd2l0aCBhIDE2LjczJSBnYWluIGZvciB0aGUgbW9udGguCgoqKk1TRlQqKgoKVGhpcyBtb250aCwgTVNGVCBzdGFydGVkIGF0ICQxNzIuNTcgb24gRmVicnVhcnkgM3JkIGFuZCByZWFjaGluZyBhbiBBVEggb2YgJDE4OC43NCBvbiBGZWJydWFyeSAxMHRoLCBlbmRpbmcgYXQgJDE2Mi4wMSB0b2RheSwgd2l0aCBhIGxvc3Mgb2YgMy41OCUgZm9yIHRoZSBtb250aC4gTVNGVCBpcyB1c3VhbGx5IGEgc29saWQgYmV0IGFuZCB3aWxsIGFsbW9zdCBhbHdheXMgbGVhZCB0byBsb25nLXRlcm0gZ2FpbnMuCgoqKkFNRCoqCgpTdXJwcmlzaW5nbHksIEFNRCBtYWRlIGEgYmlnIG1vdmUgdGhpcyBtb250aCBhcyB3ZWxsLiBJIGZpbmQgaXQgc3VycHJpc2luZyBiZWNhdXNlIHRoZWlyIGVhcm5pbmdzIG9uIEphbnVhcnkgMjh0aCBmZWxsIHNob3J0LCBjYXVzaW5nIHRoZSBzdG9jayB0byBkcm9wIDUuOTglLiBUaGF0IGRpZG7igJl0IHN0b3AgaW52ZXN0b3JzIGZyb20gYmVsaWV2aW5nIGluIHRoZWlyIGxvbmctdGVybSBwbGFucy4gQU1EIHdhcyB1cCB0byBhIG5ldyBBVEggb2YgJDU5LjAzIG9uIEZlYnJ1YXJ5IDE5dGggY29tcGFyZWQgdG8gdGhlIHByaWNlIG9mICQ0Ny4zOCBvbiBGZWJydWFyeSAzcmQuIEFNRCBpcyBzaXR0aW5nIGF0IGEgNS41MCUgbG9zcyBmb3IgdGhlIG1vbnRoLiBFdmVyeW9uZSBzdXJlIGxvdmVzIFN1IEJhZS4KCiYjeDIwMEI7CgpbIF0oaHR0cHM6Ly9wcmV2aWV3LnJlZGQuaXQvdXk5eXFqcHZycWo0MS5wbmc/d2lkdGg9MTIwMCZmb3JtYXQ9cG5nJmF1dG89d2VicCZzPTg2NTY1MjU4OTBhMmRmNDgyODlkYTJhMzc3MDE5ZGVjNjBlZjgwOTcpCgojIEdlbmVyYWwgV1NCIFJldGFyZGF0aW9uCgpUaGlzIG1vbnRoLCBXU0IgaG9zdGVkIGl0c+KAmSBzZWNvbmQgYW5udWFsIFBhcGVyIFRyYWRpbmcgQ29tcGV0aXRpb24gYWZ0ZXIgd2Ugd2VyZSBvbiBSZWRkaXTigJlzIHRvcCB0cmVuZGluZyBjb21tdW5pdGllcyBmb3IgYSBmZXcgZGF5cyBhbmQgYWZ0ZXIgdS9XU0Jnb2QgbGFuZGVkIGJvdGggb2YgaGlzIHBvc3RzIG9uIHIvYWxsLiBXZWxs4oCmIHlvdSBjYW4gc2VlIGhvdyB0aGF0IHR1cm5lZCBvdXQgaGVyZS4gW0/igJlEb3lsZSBSdWxlcyFdKGh0dHBzOi8vd3d3LnJlZGRpdC5jb20vci93YWxsc3RyZWV0YmV0cy9jb21tZW50cy9mMnRqa24vbSkKCkRpZCB5b3UgdGhpbmsgUmVkZGl0IHdvdWxkIGV2ZXIgYmVjb21lIGEgcGFydCBvZiB0ZWNobmljYWwgYW5hbHlzaXM/IFRoaXMgbW9udGgsIFJlZGRpdCB3YXMgbWVudGlvbmVkIGluIHNldmVyYWwgZGlmZmVyZW50IGFydGljbGVzIGJ5IGRpZmZlcmVudCBzb3VyY2VzLCByYW5naW5nIGZyb20gW0Jsb29tYmVyZ10oaHR0cHM6Ly93d3cuYmxvb21iZXJnLmNvbS9uZXdzL2FydGljbGVzLzIwMjAtMDItMjYvcmVkZGl0LXMtcHJvZmFuZS1ncmVlZHktdHJhZGVycy1hcmUtc2hha2luZy11cC10aGUtc3RvY2stbWFya2V0P3NybmQ9cHJlbWl1bSksIHRoZSBbTG9zIEFuZ2VsZXMgVGltZXNdKGh0dHBzOi8vd3d3LmxhdGltZXMuY29tL2J1c2luZXNzL3N0b3J5LzIwMjAtMDItMTgvdmlyZ2luLWdhbGFjdGljLXN0b2NrLXJpc2UpLCBhbmQgW01hcmtldFdhdGNoXShodHRwczovL3d3dy5tYXJrZXR3YXRjaC5jb20vc3RvcnkvYS1idW5jaC1vZi10cmFkZXJzLWp1c3QtYmV0LWJpZy1vbi10aGlzLW1hc3NpdmUtdHVybmFyb3VuZC1wbGF5LWluLWhvcGVzLW9mLXNjb3JpbmctYS1zaG9ydC10ZXJtLXdpbmRmYWxsLTIwMjAtMDItMjApLiBSZWRkaXQgd2FzIG1lbnRpb25lZCBieSBCbG9vbWJlcmcgKnNpeCogKHBvc3NpYmx5IG1vcmUsIEkgY291bGRu4oCZdCBrZWVwIHVwKSBkaWZmZXJlbnQgdGltZXMsIG9uZSBvZiB3aGljaCB3YXMgYnJvYWRjYXN0ZWQgb24gVFYgYXMgYSBmb3JtIG9mIGFuYWx5c2lzLCB5b3UgY2FuIGNoZWNrIG91dCB0aGF0IHZpZGVvIFtoZXJlLl0oaHR0cHM6Ly93d3cueW91dHViZS5jb20vd2F0Y2g/dj1wNTlZZy1QR0NtWSZmZWF0dXJlPXlvdXR1LmJlKQoKQWx0aG91Z2ggdGhpcyB3YXMgcG9zdGVkIG9uIEphbnVhcnkgMzB0aCwgSSB3YW50ZWQgdG8gaW5jbHVkZSBpdCBoZXJlIGJlY2F1c2UgaXQgd2FzIGp1c3QgY2xvc2UgZW5vdWdoIHRvIEZlYnJ1YXJ5IGFuZCBpdCBpc27igJl0IHNvbWV0aGluZyB5b3Ugc2VlIGV2ZXJ5ZGF5LiB1L2phcnRlayBtYWRlIGEgYm9vayBhYm91dCB1cywgd2hpY2ggaXMgYXZhaWxhYmxlIG9uIFtBbWF6b24uXShodHRwczovL3d3dy5yZWRkaXQuY29tL3Ivd2FsbHN0cmVldGJldHMvY29tbWVudHMvZXdkZDV4L3dzYmJvb2spCgpXZSBsb3N0IG9uZSBvZiBvdXIgbW9kZXJhdG9ycyB0aGlzIG1vbnRoLCB1L1N3aW5lRmx1UGFuZGVtaWMuIEhlIGRlbGV0ZWQgaGlzIGFjY291bnQsIG5vdCBzdXJlIHdoeS4gWW91IGNhbiBsb29rIGF0IHRoZSBvcmlnaW5hbCBhbm5vdW5jZW1lbnQgW2hlcmVdKGh0dHBzOi8vd3d3LnJlZGRpdC5jb20vci93YWxsc3RyZWV0YmV0cy9jb21tZW50cy9mNHIweG8vcG91cikgYnkgdS9zdG9ybXdpbGxwYXNzLCBidXQgdG8gYmUgc2hvcnQsIGhlIHdhcyBrbm93biBmb3IgaGlzIEF1dG9Nb2Qgd29yaywgdGVhY2hpbmcgQUksIG1hc3MgYmFubmluZyBzY3JpcHQsIGFuZCBtb3JlLiBSSVAuCgpMdWNraWx5IGZvciB1cyB0aG91Z2gsIHdlIGhhdmUgYSBmZXcgbmV3IPCfjIggbW9kZXJhdG9ycy4gSWYgeW91IGd1eXMgYXJlIG5ld2x5IPCfjIggZHVlIHRvIHRyeWluZyBhbmQgdGFraW5nIGEgbmV3IHBvc2l0aW9uIGluIHRoZSBiZWRyb29tIG9mIFdTQiwgd2VsY29tZSB0byB0aGUgY2x1Yiwgd2XigJlsbCB0cnkgb3VyIGJlc3QgdG8gc2hvdyB5b3Ugc29tZSBvZiBvdXIgaW5mYW1vdXMgZGVnZW5lcmF0ZSBsb3ZlLgoKV2UgYWxzbyBoYWQgYW5vdGhlciBbbW9kZXJhdG9yIGpvaW4gdXNdKGh0dHBzOi8vd3d3LnJlZGRpdC5jb20vci93YWxsc3RyZWV0YmV0cy9jb21tZW50cy9mNzVlb2QvdGhhbmspIGZvciBhIHJlY29yZCB0aW1lIG9mIGxlc3MgdGhhbiAyIGhvdXJzIGJ5IHRoZSBuYW1lIG9mIHUvcG9raW1hbmUuIFlvdSBtaWdodCBoYXZlIGhlYXJkIG9mIGhlciwgc2hl4oCZcyBhIHBvcHVsYXIgdHdpdGNoIHN0cmVhbWVyIHRoYXQgd2FzIGludml0ZWQgdG8gYmVjb21lIGEgbW9kIGFmdGVyIHNlbmRpbmcgb3V0IGEgdHdlZXQgc2F5aW5nLCDigJx0ZWxsIG1lIHdoaWNoIHN0b25rcyB0byBidXnigJ0gY2F1c2luZyBldmVyeW9uZSB0byBwYW5pYyBhbmQgc2F5IHRoaW5ncyBzdWNoIGFzLCBb4oCcVGhpcyBoYXMgdG8gYmUgdGhlIHRvcOKAnV0oaHR0cHM6Ly93d3cucmVkZGl0LmNvbS9yL3dhbGxzdHJlZXRiZXRzL2NvbW1lbnRzL2Y1aW1kdi90aGlzKSBhbmQg4oCcQnViYmxlIGNvbmZpcm1lZOKAnSBGdW5ueSBob3cgdGhlIGVudGlyZSBtYXJrZXQgd2FzIGJsb29kIHJlZCBhIHdlZWsgYWZ0ZXIgdGhpcyB0d2VldCwgaHVoPyBBZnRlciBiZWluZyByZW1vdmVkIHRob3VnaCwgc2hl4oCZcyBub3QgaHVydCwgc2hlIHNheXMsIOKAnEl04oCZcyBzdGlsbCBjb29sIHRoYXQgSSB3YXMgYSBtb2RlcmF0b3IgaW4gdGhlIGZpcnN0IHBsYWNlIHRoYW4gbmV2ZXIgYmVpbmcgb25lIGF0IGFsbOKAnQoKT24gYSBtb3JlIHNlcmlvdXMgbm90ZSwgcG9zc2libGUgbWFya2V0IG1hbmlwdWxhdGlvbiBtYXkgYmVjb21pbmcgYSBwcm9ibGVtLiBBIHVzZXIgaGFzIGJlZW4gYmFubmVkIGZvciBwcm9tb3Rpbmcgd2hhdCBXU0IgbW9kcyBjb25zaWRlciB0byBiZSDigJxwZW5ueSBzdG9ja3PigJ0gd2hpY2ggYXJlIHN0b2NrcyB1bmRlciAkMTAgb3IgbWFya2V0IGNhcHMgYmVsb3cgJDFibiBhY2NvcmRpbmcgdG8gc3VicmVkZGl0IHJ1bGVzLiBBbHNvLCBpZiB5b3VyIHBvc3RzIHJlYWQgc2ltaWxhciB0bzogImJ1eSAkdGlja2VyISIsICJ3aGljaCBzdG9uayBhcmUgd2UgcHVtcGluZyBuZXh0PyIsICJBTEwgSW4gJHRpY2tlciIsICIoaW5zZXJ0IGVtb2ppcyBoZXJlKSIgeW91IHdpbGwgYmUgYmFubmVkLgoKV1NCIGFsc28gb3ZlcnRvb2sgci9pbnZlc3RpbmcgaW4gc3Vic2NyaWJlciBjb3VudC4gOTM0LDg1MCBkZWdlbmVyYXRlcyBjb21wYXJlZCB0byA5MjYsMTI5IGludmVzdG9ycy4gSeKAmW0gcHJvdWQgb2YgYWxsIHlvdSBkZWdlbmVyYXRlcy4KClRoYXQgY29uY2x1ZGVzIG91ciBtb250aGx5IFdTQiByZWNhcC4gU2VlIHlvdSBndXlzIGluIE1hcmNoLCBJIGxvb2sgZm9yd2FyZCB0byB3aGF0IHRoZSBwb3dlciBvZiB3ZWFwb25pemVkIGF1dGlzbSBjYW4gZG8gaW4gYSBtb250aC4=,MTU4Mjk1ODgzMS4w
U2luY2UgdGhlIENvcm9uYXZpcnVzIGlzIGRlc3Ryb3lpbmcgc3RvY2tzLCBpcyBhbnlvbmUgcGVyZm9ybWluZyBhIHNob3J0IHNhbGUgYWdhaW5zdCB0aGUgYm94Pw==,Mw==,U2luY2UgSSBoYXZlIGEgaGVhbHRoeSBnYWluIGluIFRlc2xhIHN0b2NrLCBidXQgaXQga2VlcHMgZHJvcHBpbmcgc28gSSBhbSBub3QgbWFraW5nIG1vcmUgbW9uZXkuIEkgZGVjaWRlZCB0byBzaG9ydCBzb21lIFRlc2xhIHN0b2NrIHNvIEkgbWFrZSBtb25leSBvbiB0aGUgd2F5IGRvd24uIElzIHRoaXMgc3R1cGlkPw==,MTU4Mjk1OTAyMy4w
U28gSSBndWVzcyA4LDAwMCBwb2ludHMgaW4gYSB3ZWVrIGlzIHBhbmljLiA0LDAwMCBkcm9wIGlzIG5vdCBlbm91Z2ggdG8gYmUgY29uc2lkZXIgcGFuaWMuIENuYmMgaXMgZnVubnku,MTQ=,,MTU4Mjk1ODkxMi4w
SXMgaXQgYmV0dGVyIHRvIGJ1eSBTUFggcHV0cyBvciBWSVggY2FsbHM/,MTI=,VGFraW5nIG5vdGVzIGZvciB0aGUgbmV4dCAqY29ycmVjdGlvbiogb3Bwb3J0dW5pdHkg8J+YiQoKV2l0aCAqKlZJWCBjYWxscyoqIHlvdSBkb24ndCBuZWNlc3NhcmlseSBuZWVkIHRvIHBpY2sgdGhlICpkaXJlY3Rpb24qIG9mIFNQWCwgdGhvdWdoIEkgdW5kZXJzdGFuZCBpdCAqdHlwaWNhbGx5KiByaXNlcyB3aGVuIFNQWCBkcm9wcy4uLihob3dldmVyLCBpdCBkb2Vzbid0IHNlZW0gdG8gYmUgYWx3YXlzIGNvcnJlbGF0ZWQpPwoKKipTUFggcHV0cyoqIHNlZW0gbW9yZSBwcmVkaWNhYmxlIHRoYW4gKipWSVggY2FsbHMqKiwgYnV0IFZJWCBjYWxscyBzZWVtIHRvIG9mZmVyIHRoZSBiZXR0ZXIgcmV0dXJuLCBhdCBsZWFzdCB0aGlzIHdlZWsu,MTU4Mjk1ODg1OS4w
UXVlc3Rpb24gYWJvdXQgdGhlIHJpZ2h0IHRyYWRpbmcgcGxhdGZvcm0=,MA==,R3JlZXRpbmdzLApJIGp1c3QgZ290IGEgcXVlc3Rpb24gd2hpY2ggcGxhdGZvcm0gZm9yIHRyYWRpbmcgaXMgaW4geW91ciBvcGluaW9uIHRoZSBiZXN0IG9wdGlvbj8gSSBtYWRlIGEgcHJldHR5IG9rIGFtb3VudCBzbyBmYXIsIGVzcGVjaWFsbHkgaW4gdGhlIGxhc3Qgd2Vlay4gVGhhbmtzIGZvciB5b3VyIGFuc3dlcnMgaW4gYWR2YW5jZSE=,MTU4Mjk1ODY1My4w
VEhFIEZFRCBJUyBIT01PUEhPQklDIPCfjIjwn5C7,NTU=,RnVja2luIGR1c3R5IGJvb21lcnMgaW5qZWN0aW5nIHRoZSBmdWNraW5nIG1hcmtldCBsaWtlIGl0J3MgRG9sbHkgUGFydG9uLiBEZWxheWluZyB0aGUgaW5ldml0YWJsZS4uLi5BbHpoZWltZXJzIGlzIG5vIG1hdGNoIGZvciBBdXN0aXN0LiBXcmlua2x5IG9sZCBmdWNrcyBuZWVkIHRvIHRha2UgYSBjcnVpc2UgdG8gQ2hpbmEgYW5kIGV4cGxvcmUgdGhlIGJlYXV0aWZ1bCBjaXR5IG9mIFd1aGFuClRoYW5rcyBmb3IgdGhlIGJsdWViYWxsc/CflLXwn5OJIEkgY2Fubm90IHdhaXQgdG8gcHV0IHlvdSBhbGwgaW4gYSBob21l,MTU4Mjk1ODU5MC4w
V2FsbCBTdHJlZXQgQmV0cyBIZWRnZSBGdW5kIQ==,MTU=,T2theSwKClNvIEkgd2FudCB0byBjcmVhdGUgYSBXYWxsIFN0cmVldCBCZXRzIEhlZGdlIEZ1bmQgdGhhdCBzcGVjaWFsaXplcyBzcGVjaWZpY2FsbHkgaW4gaGlnaCByaXNrIGludmVzdGluZyB3aXRoIGNyYXp5IHJldHVybnMgYnV0IGFsc28gdGhlIHBvdGVudGlhbCBmb3IgbWFzc2l2ZSBsb3NzZXMhIEJ1dCB3ZSBoYXZlIGFscmVhZHkgYWxtb3N0IGEgbWlsbGlvbiB1c2VycyBzbyBpZiBldmVyeW9uZSBjb250cmlidXRlZCBhbiBhdmVyYWdlIG9mICQxayBkb2xsYXJzIHdlIHdvdWxkIGVhc2lseSBiZSB0byBhIGJpbGxpb24gZG9sbGFycy4gQ2FuIHlvdSBpbWFnaW5lIHRoZSBCbG9vbWJlcmcgcmVwb3J0aW5nIG9uIHRoaXM/IEFuZCB0aGVuIG9uY2UgaXTigJlzIGNyZWF0ZWQgaXQgd291bGQgZGVmaW5pdGVseSBnbyB2aXJhbCBhbmQgZXZlcnlvbmUgd291bGQgd2FudCBhIHBpZWNlIG9mIHRoZSBhY3Rpb24gZXNwZWNpYWxseSBvbmNlIHRoZXkgc2VlIG91ciBUZW5kaWVzLiBPaCBhbmQgd2l0aCB0aGlzIG1hcmtldCBjb3JyZWN0aW9uIGl04oCZcyBhIGdyZWF0IHRpbWUgdG8gZ2V0IEluIGZvciBjaGVhcD8gU28gd2hv4oCZcyB3aXRoIG1lPw==,MTU4Mjk1ODQzNy4w
RkFLRSBORVdTLiBHZXQgdGhpcyBvdmVyIHdpdGg=,MA==,SWYgdGhlIHZpcnVzIHdhcyByZWFsbHkgdG8gYmxhbWUuLi4ud291bGRudCBnb2xkIGhhdmUgc2t5cm9ja2V0ZWQgbGlrZSBvdGhlciB0aW1lcz8gWWVzLi4KCldoYXQgcmVhbGx5IGhhcHBlbmVkPyBZb3Ugfn5hdXRpc3Rzfn4gamVya3MgZm9yZ290IHlvdSBoYWQgdG8gcGF5IHRheGVzIHNvIHRoYXQgc3RhcnRlZCB0aGUgbWFzc2l2ZSBzZWxsIG9mZiBhbmQgdGhlbiB5b3VyIG1hcmdpbiBjYWxscyBjYW1lIGluIGFuZCB5b3UgaGFkIHRvIHBheSB0aGF0IHRvby4udGhhbmtzISAKCgpDYW4gd2UgZ2V0IGJhY2sgdG8gbWFraW5nIG1vbmV5IG5vdyB0aGF0IHlvdSBsZWFybmVkIHlvdXIgbGVzc29uPyEgCgoKcCBsIGUgYSBzIGU=,MTU4Mjk1ODIyMi4w
Q29yb25hYmFpbG91dD8=,NQ==,,MTU4Mjk1ODEyNi4w
VGhpcyBpcyBub3QgcHJpY2VkIGluIG5vdCBhIHNpbmdsZSBiaXQu,MTY=,SGV5IGF1dGlzdHMsIHlvdXIgYnJvIGhlcmUuCkZpcnN0OiB5b3VyIG11bSBpcyBhIGhvZS4KU2Vjb25kOiBqdXN0IHRvb2sgYSBmYXQgYXNzIG5lZWRsZSBpbiBteSBndW1zIGZyb20gbXkgZGVudGlzdCBhbmQgaGUgd2FzIG1hZCBhZi4gV2l0aCBteSBoYWxmIHdvcmtpbmcgdG9uZ3VlIEkgYXNrZWQgaGlzIGFzcyDigJx3aHkgeW91IG1hZCAsIGRvY+KAnS4KSGUgc2FpZCB0aGUgZnVja2luZyB0ZWV0aCBhbmQgY3Jvd25zIGFuZCBmaWxsaW5ncyBhbmQgZXZlcnl0aGluZyBlbHNlIGlzIG1hZGUgaXMgY2hpbmEsIGFuZCBub3RoaW5nIGlzIGdvaW5nIHRvIGdldCBzaGlwcGVkIGFueSB0aW1lIHNvb24uIEhlIHNhaWQgdGhhdCB0aGV5IGhhdmUgdG8gdGFrZSBuZXcgcHJpbnRzIGZvciBldmVyeSBwYXRpZW50IHdoZW4gdGhleSBjYW4gc2hpcCBhZ2Fpbi4KSWYgd2UgZnVja2luZyByYWxseSBvbiBNb25kYXkga25vdyB0byBsb2FkIHVwIG9uIHB1dHMsIG5vdCBldmVyeW9uZSBpcyBwcmVwYXJlZCBvZiBpbnN1cmVkIGZyb20gYSBmdWNraW5nIGFpZHMgbGlrZSBkaXMuCkxhc3RseTogZnVjayB5b3VyIG11bS4=,MTU4Mjk1ODA3MC4w
RG9ncyB3aXRoIGNvcm9uYXZpcnVz,OQ==,,MTU4Mjk1ODA1Mi4w
UG9wZSBoZWxwaW5nIE1yLiBOdXRlbGxhIGFuZCAzLzIwIDIwMGMgZ2FuZyE=,MTE=,aHR0cHM6Ly93d3cucmV1dGVycy5jb20vYXJ0aWNsZS91cy12YXRpY2FuLWFydGlmaWNpYWwtaW50ZWxsaWdlbmNlL3BvcGUtdG8tZW5kb3JzZS1wcmluY2lwbGVzLW9uLWFpLWV0aGljcy13aXRoLW1pY3Jvc29mdC1pYm0taWRVU0tDTjIwTTBaMT9mZWVkVHlwZT1SU1MmZmVlZE5hbWU9dGVjaG5vbG9neU5ld3MmdXRtX3NvdXJjZT1mZWVkYnVybmVyJnV0bV9tZWRpdW09ZmVlZCZ1dG1fY2FtcGFpZ249RmVlZCUzQStyZXV0ZXJzJTJGdGVjaG5vbG9neU5ld3MrJTI4UmV1dGVycytUZWNobm9sb2d5K05ld3MlMjk=,MTU4Mjk1Nzc2Ny4w
VXBkYXRlIGZvciB0aGlzIHdlZWsgIzM=,NjY=,Q2xvc2VkIGFsbCBteSBwb3NpdGlvbnMgYXJvdW5kIDNwbSBhbmQgd2VudCBpbnRvIGFsbCBjYXNoIGZvciB0aGlzIHdlZWtlbmQuIEp1c3Qgd2FudCB0byB1cGRhdGUgeWFsbCBvbiBob3cgbXkgcG9ydGZvbGlvIGNsb3NlZC4gV2lsbCBqdW1wIGJhY2sgaW4gdGhlIG1hcmtldCBuZXh0IHdlZWsgcG9zc2libHk7IFBvd2VsbCBoYXMgdG8gbm90IGJlIGEgbGl0dGxlIGJpdGNoIHRob3VnaC4KCmh0dHBzOi8vcHJldmlldy5yZWRkLml0LzR5enl3ZzBqcHFqNDEucG5nP3dpZHRoPTExMjUmZm9ybWF0PXBuZyZhdXRvPXdlYnAmcz02M2UxNTBkMDg2MWJiYmI5NmJiMDA5MTY2NTU0NzU3ZjE0YzJlODg0,MTU4Mjk1NzMzOS4w
SG93IGZ1Y2tlZCBhbSBJIG9uIDUwMCBWWFggY2FsbHM/,Ng==,,MTU4Mjk1NzMzMy4w
SSd2ZSBjdXJlZCB0aGUgY29yb25hdmlydXM=,MTEx,SSBkaWQgaXQgZ3V5cy4gSSBmaW5hbGx5IGJvdWdodCBzb21lIFNQWSBwdXRzLCBhbmQgc28gbm93IHRoZSBtYXJrZXQgd2lsbCByZWNvdmVyIGltbWVkaWF0ZWx5IGFuZCBteSBwdXRzIHdpbGwgYmUgZXhwaXJlIHdvcnRobGVzcyBsaWtlIGdheSBmYXJ0cyBpbiB0aGUgd2luZC4gT2J2aW91c2x5IHRoZSBtYXJrZXQgY2FuIG9ubHkgcmVjb3ZlciBpZiB0aGUgY29yb25hdmlydXMgaXMgY3VyZWQgc28gYnkgdGhlIHRyYW5zZ2VuZGVyIHByb3BlcnR5LCBtZSBidXlpbmcgdGhlIHB1dHMgY3VyZWQgdGhlIGNvcm9uYSB2aXJ1cy4gWW91IGNhbiB0aGFuayBtZSBsYXRlci4=,MTU4Mjk1NzI2MC4w
SG9sZGluZyBTUFkgMzkxLzM5Mi8zOTMgUHV0cyBvdmVyIHdlZWtlbmQ=,Mjk=,d2VsbCB3aGF0IGEgZ29kIGRhbW4gd2Vlay4gSeKAmXZlIG5ldmVyIHRyYWRlZCBhbiBvcHRpb24gaW4gbXkgZ29kIGRhbW4gbGlmZSBiZWZvcmUgdGhpcyB3ZWVrIGFuZCBJIHdlbnQgdXAgNDBrICh3aXRoIDI1MDAgeW9sbyBvbiB0d2l0dGVyIHApIHRoaXMgd2VlayBzbyBJIGNhbiBzYWZlbHkgc2F5IEkgYW0gYSDwn4yI8J+MiPCfjIjwn5C78J+Qu/CfkLvwn4yI8J+Qu/CfjIjwn5C78J+MiPCfkLsuIENoYWRidWxscyBhcmUgdGhlIHdvcnN0LCB0aGV5IHJlbWluZCBtZSBvZiB0aGlzIGFkbWluaXN0cmF0aW9uLiBGdWxsIGF1dGlzdHMuIAoKV2l0aCB0aGF0IHNhaWQgYXMgSSBzaWZ0ZWQgdGhyb3VnaCBhbGwgdGhlIGNvbW1lbnRzIGZvciBzb21lIGludGVsIGEgbG90IHdhcyBoZWxwZnVsLiBTb21lIHdhcyBub3QuIAoKRnVjayB5b3UgdG8gdGhlIGd1eSB3aG8gdG9sZCB1cyB0byB0YWtlIFNQQ0Ugc2hvcnRzIGF0IDE4LiBBbmQgYWxzbyBmdWNrIHlvdSBiZWNhdXNlIEkgUkV1cHBlZCBhbmQgdGhhdCBzaGl0IHdpbGwgYmUgMTIgd2l0aGluIGEgbW9udGguIFNvIHRoYW5rIHlvdSBhY3R1YWxseS4gCgphbmQgeW91IGd1eXMgZ290IG1lIG9uIHRoZSBTUFkgaHlwZSBnYW5nIGFuZCBub3cgSeKAmWxsIHByb2JhYmx5IGxvc2UgZXZlcnl0aGluZyBjb21lIE1vbmRheS4gSXQgd2FzIGZ1biB3aGlsZSBpdCBsYXN0ZWQuICBJ4oCZbGwgcHJvYmFibHkgdXNlIHRoZSAyNWsgZXh0ZW5zaW9uIEkgZ290IGFuZCB5b2xvIGNvbWUgTW9uZGF5LiAKClRsOmRyIC0gU1BDRSBwdXRzIHNvbWV3aGVyZSBpbiBhIG1vbnRoLCBvbmNlIGFnYWluIEnigJltIG9ubHkgYSB3ZWVrIGluIHNvIEkgYW0gdXIgYmVzdCBiZXQgYXQgdGhpcyBvcHRpb24uIAoKSeKAmW0gYWxzbyBiaXNleHVhbCBzbyBpZiB0aGUgYnVsbHMgaGF2ZSBhIGdvb2QgY2FsbCBsZXQgbWUga25vdyBwbGF5ZXI=,MTU4Mjk1NzI0My4w
VGhhbmsgZ29kIEkgbGlzdGVuZWQgdG8geW91IGFydGlzdHMgYW5kIGRpZG7igJl0IGNhc2ggb3V0,MTg=,,MTU4Mjk1NjA4Ni4w
SnVzdCBidXkgdGhlIGRpcD8=,Nw==,WW91IGd1eXMgYXJlIGZ1Y2tpbmcgcmV0YXJkZWQgYXV0aXN0cyBmb3IgZnVja2luZyByZWFsIGJ1eSB0aGUgZGlwIHlvIEJVWSBUSEUgRElQIEpVU1QgRlVDS0lORy4gRE8uIElULgoKVGhhdCBwaXNzeSBNZXhpY28gYmVlciB2aXJ1cyBkaXNlYXNlIHdpbGwgYmUgdGhlIGdyZWF0ZXN0IHRoaW5nIHRvIGhpdCBteSBmdWNraW5nIGJha2luZyByYWNrIGluIG15IG92ZW4gSSBzbWVsbCBkaW5vIG51Z3Mgbm93IGJpdGNoZXM=,MTU4Mjk1NzIwMC4w
Q0RDIGlzIHJlcG9ydGluZyB0aHJlZSB0aW1lcyBsZXNzIHRoYW4gdGhlIGFjdHVhbCBDT1ZJRCBjYXNlcw==,MzI=,REQ6IEJhc2ljYWxseSBteSBmcmllbmQncyBkYWQgd29ya3Mgd2l0aCBhIGhpZ2ggdXAgcGVyc29uIHdobyB3b3JrcyBhbG9uZ3NpZGUgdGhlIENEQyBiYXNpY2FsbHkgMjQvNyBhbHRob3VnaCBoZSBpc24ndCBhIHBhcnQgb2YgdGhlIENEQyBoaW1zZWxmLiBIZSB0b2xkIG15IGZyaWVuZCdzIGRhZCB0aGF0IHRoZSBDREMgaXMgdW5kZXJyZXBvcnRpbmcgY2FzZXMgdGhyZWVmb2xkIGZvciB3aGF0ZXZlciByZWFzb24sIG1vc3QgbGlrZWx5IHRvIHByZXZlbnQgbWFzcyBwYW5pYyBvciBzb21ldGhpbmcgZWxzZS4KClRMRFI7IEl0J3Mgd2F5IHdvcnNlIHRoYW4gaXQgaXMsIGV2ZW4gaW4gdGhlIFVTCgpUTERSIDI7IFNQWSAyNzUgUCAzLzY=,MTU4Mjk1Njg0Mi4w
U2F5IGhlbGxvIHRvIHRoZSBidWxsIGl0cyB0YXggc2Vhc29u,Mw==,U2F2ZSBzb21lIGNhc2ggZm9yIHNvbWUgY2FsbHMgZ292ZXJubWVudCBpbnRlcnZlbnRpb24gaW5jb21pbmcgCmh0dHBzOi8vd3d3Lmdvb2dsZS5jby51ay9hbXAvcy93d3cud2FzaGluZ3RvbnBvc3QuY29tL2J1c2luZXNzLzIwMjAvMDIvMjgvdHJ1bXAtY29yb25hdmlydXMtdGF4LWN1dHMvJTNmb3V0cHV0VHlwZT1hbXA=,MTU4Mjk1NjcyNi4w
RnVjayB5b3VyIEVWcyBhbmQgZmFrZSBtZWF0IGRheSAyIDY1SyBhZ2Fpbi4=,MTg=,,MTU4Mjk1NTM5Ny4w
U2xvd2x5IGJlY29taW5nIGZpbmFuY2lhbGx5IGZyZWUg8J+YpA==,NTI=,,MTU4Mjk1NTY2Ni4w
QXMgYSBwcm9mZXNzaW9uYWwgaW52ZXN0b3Igb24gcm9iaW4gaG9vZCwgbm93IGlzIHRoZSBiZXN0IHRpbWUgdG8gYnV5Lg==,MA==,Q29udHJhcnkgdG8gcG9wdWxhciBvcGluaW9uLCB0aGUgY29yb25hIHZpcnVzIGlzIG92ZXJibG93bi4gVGhpcyBpcyBhIHNpbXBsZSBhdHRlbXB0IGJ5IHRoZSBsZWZ0aXN0IG1lZGlhIHRvIHRhbmsgdGhlIG1hcmtldCB0aGF0IE91ciBQcmVzaWRlbnQgaGFzIGJ1aWx0LiBJbiBteSBvcGluaW9uLCBub3cgaXMgdGhlIGJlc3QgdGltZSB0byBidXkgaW4uICBTdG9wIHNlbGxpbmcuIEltbWVkaWF0ZWx5LiBJdOKAmXMgc3VjaCBhIGdvb2QgdGltZSB0byBidXksIHRoYXQgdGhlIGdvdmVybm1lbnQgc2hvdWxkIG1ha2UgaXQgaWxsZWdhbCB0byBzZWxsLiBBbnkgdGFsayBvZiBzZWxsaW5nIG9yIHRoZSBtYXJrZXQgY3Jhc2hpbmcgc2hvdWxkIGJlIGRlZW1lZCBhcyBlY29ub21pYyB0ZXJyb3Jpc20gYW5kIG9yIHNsYW5kZXIgb24gbXkgcG9ydGZvbGlvLCBhbmQgc2hvdWxkIGJlIGxvY2tlZCB1cC4gSeKAmW0gbG9zaW5nIGxvdHMgb2YgbW9uZXkgcmlnaHQgbm93IGJlY2F1c2Ugb2Ygc28gbWFueSBvZiB5b3UgcHVzc3kgZnVja3Mgd2FnaW5nIGVjb25vbWljIHdhcmZhcmUgYWdhaW5zdCBteSBiZWxpZWZzIGFuZCBteSBwcm9wZXJ0eS4gCgotQWxiZXJ0IEZhaXJmYXggSUk=,MTU4Mjk1NjE2OC4w
V2hhdOKAmXMgdGhlIGZ1Y2sganVzdCBoYXBwZW5lZCB0byBWSVI/Pz8=,MTQ=,SnVtcGVkIGZyb20gJDQ3IGEgc2hhcmUgdG8gJDg1IGF0IDQ6MjUgYW5kIGRyb3BwZWQgYmFjayBkb3duIGFnYWluIGFmdGVyIDUgbWludXRlcywgZG9lcyBzdHVmZiBsaWtlIHRoYXQgaGFwcGVuIG9mdGVuIGR1cmluZyBhZnRlciBob3VycyBvciB3YXMgdGhhdCBhIGdsaXRjaCBvbiBSSD8=,MTU4Mjk1NjA5OC4w
R29vZCBuZXdzIGZvciB0aGUg8J+MiCDwn5C7IGFuZCBtZQ==,NTQ=,,MTU4Mjk1NTQzNC4w
NC8yMCBjYWxscyBwYXJ0eS4gQnJpbmcgVGVuZGllcyBmb3IgbXVuY2hpZXMu,Ng==,Qm91Z2h0IG9uZSBjYWxsIGZvciB0aGUgZm9sbG93aW5nIHRvZGF5IGFyb3VuZCAxcG0sIGFsbCDigJhJVE0u4oCZCgokYWFwbAokbXUKJGYKJGJpZwokYW1kCiRzbmFwCiRhbGx5CgpIb3BpbmcgdG8gaGF2ZSBjaGFtcGFnbmUgYW5kIG5vdCBuYXR1cmFsIGxpZ2h0IGljZSBhdCB0aGUgcGFydHkgYnV0IHdlIHdpbGwgaGF2ZSB0byB3YWl0IGFuZCBzZWUh,MTU4Mjk1NTI5Mi4w
SW5zaWRlciBpbmZvcm1hdGlvbiBvbiB3aHkgeW91IHNob3VsZCBidXkgQU1aTiBjYWxscyBiZWNhdXNlIG9mIHRoZSBjb3JvbmF2aXJ1cy4=,MjQ=,T2sgeW91IGlkaW90cywgbGlzdGVuIGhlcmUuIEkndmUgZ290IGluc2lkZXIgaW5mb3JtYXRpb24sIGFzIEkgbGl2ZSBpbiBMb25kb25cKi4gTm93IHRoZSB2aXJ1cyBpcyBzcHJlYWRpbmcgYWNyb3NzIEV1cm9wZSwgYW5kIGlmIHlvdSBjaGVjayB0aGUgbmV3cyBzdXBlcm1hcmtldHMgaW4gSXRhbHkgKHRoZXkgaGF2ZSB0aGUgbW9zdCBjYXNlcykgYXJlIGJhc2ljYWxseSBlbXB0eSwgcGVvcGxlIG1ha2luZyBwcm92aXNpb25zIGFzIGlmIHd3MyBpcyBjb21pbmcuIE5vdyB0aGUgc2FtZSB0aGluZyBpcyBnb2luZyB0byBoYXBwZW4gaW4gdGhlIFVTIGluIGFyb3VuZCAyIHdlZWtzLiAKClNvIHdoYXQgaGFwcGVucyBhZnRlciB0aGUgZmlyc3QgYmF0Y2ggb2YgY3JhenkgcGVvcGxlIHdpbGwgZW1wdHkgdGhlIHN1cGVybWFya2V0cz8gUGVvcGxlIHdpbGwgcGFuaWMsIGFuZCBiZWNhdXNlIG5vIHNhbmUgcGVyc29uIHdvdWxkIGdvIGludG8gYSBzdXBlcm1hcmtldCB3aXRoIGh1bmRyZWRzIG9mIHBlb3BsZSB3aG8gcG90ZW50aWFsbHkgaGF2ZSB0aGUgdmlydXMgdGhleSdsbCBuZWVkIHRvIG9yZGVyIHRoZSBwcm92aXNpb25zIGhvbWUuIEJ1dCB3YWl0LCB3aGF0IG5vcm1hbCBjb21wYW55IGRvZXNuJ3QgZ2l2ZSBhIHNoaXQgYWJvdXQgd29ya2luZyBjb25kaXRpb25zIGFuZCB3b3VsZCBtYWtlIGl0cyBwZW9wbGUgd29yayBkdXJpbmcgYSBwYW5kZW1pYz8gQU1aTiEgVGhleSdsbCBwdXQgbWFza3MgYW5kIHNoaXQgb24gdGhlaXIgZGVsaXZlcnkgZ3V5cywgdGhleSdsbCBsYXVuY2ggdGhlIGRyb25lcyBwcm9ncmFtIGFuZCB0aGV5J2xsIGRlbGl2ZXIgZXZlcnl0aGluZy4KCkluIDMgd2Vla3MgZXZlcnkgc3VwZXJtYXJrZXQgaW4gdGhlIFVTIHdpbGwgYmUgY2xvc2VkLCBzbyB5b3UgY2FuIGhlZGdlIHlvdXIgcG9ydGZvbGlvIGJ5IGdvaW5nIDUwJSBwdXRzIG9uIFdhbG1hcnQgYW5kIENvc3RjbyBhbmQgNTAlIGNhbGxzIG9uIEFtYXpvblwqXCouIAoKJiN4MjAwQjsKClwqaWYgeW91IGhhZCB0byBnb29nbGUgd2hlcmUgbG9uZG9uIGlzIHRoZW4geW91J3JlIG9uIHRoZSByaWdodCBzdWJyZWRkaXQuIAoKXCppZiB5b3UgaGFkIHRvIGdvb2dsZSB3aHkgcGVvcGxlIHdhbnQgdG8gYnV5IGNhbGxzIG9uIHRoZSBBbWF6b24gZm9ycmVzdCB5b3UncmUgcHJvYmFibHkgZnJvbSBCbG9vbWJlcmc=,MTU4Mjk1NTE4Ny4w
SWYgeW91IGhhdmVuJ3QgbG9zdCAkMTBrLCB5b3UncmUgbm90IHJlYWxseSBkb3duLg==,NzY=,T25seSBkb3duIDggZ3JhbmQuIEdvbm5hIHBhdGNoIGl0IHJpZ2h0IHVwIG5leHQgd2Vlay4gVGhlIG9ubHkgdGhpbmcgYnVnZ2luZyBtZSBpcyBiZWluZyB1bnN1cmUgb2Ygd2hhdCBteSBwbGF5cyBhcmUgZ29pbmcgdG8gYmUuIEkgZG91YnQgYW55b25lIGlzIHN1cmUgcmlnaHQgbm93LiBJZiB5b3UgaGF2ZSBhbiBpZGVhLCBzaG9vdC4gW0wuIE8uIFMuIFMuXShodHRwOi8vaW1ndXIuY29tL2Evc0ZwbDNwMyk=,MTU4Mjk1NDY5NS4w
SSBoYXRlIGl0IGhlcmU=,MzE=,,MTU4Mjk1NDE5Ny4w
JFNQWSB3YXMganVzdCBqZXJraW5nIG9mZiAoREQgaW5zaWRlKQ==,MTg2,SSBkb27igJl0IGtub3cgaWYgeW91IG5vdGljZWQgYnV0IHNweSB3YXMganVzdCBqZXJraW5nIGl04oCZcyBmdWNraW5nIGNoZWVzZSBhcm91bmQgYWxsIGRheS4gSXQgd2FzIHVwIGFuZCBkb3duIHVwIGFuZCBkb3duIGFsbCBkYXkgdW50aWwgaXQgZmluYWxseSBjbGltYXhlZCBhdCB0aGUgbGFzdCBzZWNvbmQgYW5kIHNwbG9vZ2VkIHNvIGhhcmQgaXQgc2hvdCByb3BlcyBpbnRvIHRoZSBmdWNraW5nIGNlaWxpbmcuIFdlbGwgd2hhdCBoYXBwZW5zIHdoZW4geW91IGZpbmlzaCBqZXJraW5nIG9mZj8gWW91ciBkaWNrIGdvZXMgc29mdCBhbmQgeW91IGdldCBwb3N0IG51dCBjbGFyaXR5LiBTYW1lIHdpbGwgaGFwcGVuIHdpdGggdGhlIG1hcmtldCBjb21lIE1vbmRheSB3aGVuIGl0IHJlYWxpemVzIHdoYXQgdGhlIGZ1Y2sgbWFkZSBpdCBjdW0gc28gaGFyZC4gVGhlIG1hcmtldOKAmXMgZGljayB3aWxsIGdvIHNvZnQgYW5kIGl0IHdpbGwgaGF2ZSBFRCBmb3IgYSBsb25nIHRpbWUgYWZ0ZXIgdGhhdC4gVGhpcyBpcyBqdXN0IHRoZSBiZWdpbm5pbmcgc3B5IHdpbGwgc3RheSByZWQgbmV4dCB3ZWVrLg==,MTU4Mjk1NDQ5MS4w
V2hlbiBUbyBCdXkgQ2FsbHM/IEhlcmXigJlzIG15IHRoZW9yeS4=,MjU=,U28gaGVyZeKAmXMgaG93IHdl4oCZcmUgZG9pbmcuIENoaW5h4oCZcyByZXR1cm5pbmcgYmFjayB0byB3b3JrLCBXdWhhbiBDT1ZJRCBvdXRicmVhayB3YXMgYWJvdXQgYSBtb250aCBhZ28uIEFib3V0IDEtMiB3ZWVrcyBhZ28gb3RoZXIgY291bnRyaWVzIHN0YXJ0ZWQgb2ZmaWNpYWxseSBjb25maXJtaW5nIHRoZWlyIGNhc2VzLCBhZnRlciDigJxwb3RlbnRpYWwgY2FzZXMu4oCdCgpUaGUgVW5pdGVkIFN0YXRlcyBpcyBpbiB0aGF0IOKAnHBvdGVudGlhbCBjYXNl4oCdIHJ1bW9yIHBoYXNlLiBOb2JvZHkgd2FudHMgdGhpcyB2aXJ1cyBidXQgdGhlIHNhbWUgc3RlcHMgaGFwcGVuZWQgaW4gZXZlcnkgb3RoZXIgY291bnRyeSB1c2UgeW91ciBoZWFkLCBhbnl0aGluZyB0ZWxsaW5nIHlvdSBpdOKAmXMgbm90IGNvbWluZyB0byB5b3VyIGNpdHkgb3Igc3RhdGUgaXMgeW91IHBsYXlpbmcgZmFpcnkgdGFpbCBob3BpbmcgeW91IGRvbuKAmXQgZ2V0IHNpY2suIFVuaXRlZCBTdGF0ZXMgaXMgbmV4dCBhbmQgaXTigJlzIGhlcmUuIFdpdGhpbiBkdWUgdGltZSB0aGUgc2FtZSBjcmFzaGVzIHdpbGwgaGFwcGVuIGV4Y2VwdCBhIGxpdHRsZSBoYXJkZXIgd2l0aCB0aGUgIzEgZWNvbm9teS4gCgpUaGVyZeKAmXMgMSBvZiAyIHRoaW5ncyBJ4oCZbSB3YWl0aW5nIGZvciBhbmQgb25lIHdpbGwgaGFwcGVuIGZpcnN0LgoKMSAtIOKAnFggQ29tcGFueSBDcmVhdGVzIEZpcnN0IFN1Y2Nlc3NmdWwgVmFjY2luZSBGb3IgQ09WSUTigJ0KCjIgLSDigJxVbml0ZWQgU3RhdGVzLCBFdXJvcGUgYW5kIE90aGVyIENvdW50cmllcyBiZWdpbiByZXR1cm5pbmcgdG8gd29yayBhZnRlciBnbG9iYWwgQ09WSUQgcmVjb3Zlcnku4oCdCgpZZXMsIFd1aGFuIGFuZCBDaGluYSBpcyBzdGFydGluZyB0byByZWN1cGVyYXRlLCB0aGlzIGlzbuKAmXQgYWJvdXQgZGVhdGhzIGl04oCZcyBhYm91dCB0aGUgZmFjdCB0aGF0IGlmIDUwJSBvZiBhIGZ1Y2tpbmcgY291bnRyeSBpcyBzaWNrLCB0aGVuIHBsYWNlcyB0ZW1wb3JhcmlseSBzaHV0IGRvd24uIAoKT25jZSBvbmUgb2YgdGhvc2UgdHdvIHRoaW5ncyBpcyBoZWFkbGluZWQsIGJlY2F1c2UgdGhlcmUgd2lsbCBiZSBvbmUgb2YgdGhvc2UuIFRIQVQgaW4gbXkgb3BpbmlvbiBpcyB3aGVuIHRoZSBidWxscyBicmVhayB0aGUgZ2F0ZS4g8J+agAoKCkZvciB0aG9zZSBvZiB5b3UgdGhpbmsgdGhpcyBpcyDigJxmYWRpbmcgYXdheSzigJ0KZmVlbCBmcmVlIHRvIHdhdGNoIHRoZSBsaXZlIHRyYWNrZXIgYWxsIHdlZWtlbmQgYXMgaXQgY29udGludWVzIHRvIGV4cGFuZCByZWQgb3ZlciB0aW1lLiAKCgpodHRwczovL2dpc2FuZGRhdGEubWFwcy5hcmNnaXMuY29tL2FwcHMvb3BzZGFzaGJvYXJkL2luZGV4Lmh0bWwjL2JkYTc1OTQ3NDBmZDQwMjk5NDIzNDY3YjQ4ZTllY2Y2,MTU4Mjk1NDIxOS4w
RG91YnRlZCBteSB2aWJl,MTc=,RG91YnRlZCBteSBmdWNraW5nIHZpYmUgYWJvdXQgMjAgbWlucyB0b28gZWFybHkuIFdhcyBkb3duIGFib3V0IDNrIG9uIHRoZSBidXlzIGFuZCBmaWd1cmVkIEnigJlkIGhlZGdlIGZvciBhIGJsb29keSBNb25kYXksIHRha2UgYSA2ayBjcmVkaXQgYW5kIGJ1eSBiYWNrIGZvciBoYWxmIE1vbmRheS4gVGhlbiByZWFwIHRoZSByZXdhcmRzIG9mIHRoZSBmYWNlIHJpcHBpbmcgcmFsbHkgd2UganVzdCBleHBlcmllbmNlZC4gSG9waW5nIGZvciBhIGxpdHRsZSBoZWxwIGZyb20gSVYgY3J1c2guCgoKW1Bvc2l0aW9uc10oaHR0cHM6Ly9pbWd1ci5jb20vYS94S1BveHdCKQ==,MTU4Mjk1MzczNS4w
QmlnIGdyZWVuIGRheSBhZ2FpbiwgZXhwZWN0IGh1Z2UgZHJvcHMgb24gVHJhdmVsIGluZHVzdHJ5IHRocm91Z2ggTWFyY2jwn5GK8J+Srw==,MTM=,aHR0cHM6Ly9pbWd1ci5jb20vZ2FsbGVyeS9VNXFsdWJnIAoKVHJhdmVsIGJlaW5nIHJlc3RyaWN0ZWQgbGlrZSBuZXZlciBiZWZvcmUgYW5kIGl0IHdpbGwgaHVydCB0aGUgdHJhdmVsIGluZHVzdHJ5IGZyb20gdG9wIHRvIGJvdHRvbSwgdHJpcCBwbGFuZXJzLCBhaXJsaW5lcyxjcnVpc2U=,MTU4Mjk1MzcwMy4w
TWFya2V0IHJhbGxpZWQgMi40JSBpbiB0aGUgZmluYWwgMTUgbWludXRlcyBvZiB0cmFkaW5n,MjI0,VGhlIG1hcmtldCBpcyBleHBlY3RpbmcgdGhlIHdvcnN0IG5ld3MgdG8gY29tZSBvdXQgdGhpcyB3ZWVrZW5kIOKAnGh1bmRyZWRzIG9mIGNvbmZpcm1lZCBjYXNlcyBpbiB0aGUgVVPigJ0gc29tZXRoaW5nIGFsb25nIHRob3NlIGxpbmVzLgoKQSBjb3VwbGUgZGF5cyBhZ28gSSBzdGF0ZWQgaW4gYW5vdGhlciBwb3N0IHRoYXQgYWZ0ZXIgdGhlIFVTIGNvbmZpcm1zIHNvbWUgY2FzZXMgbWFya2V0cyB3aWxsIG92ZXJyZWFjdCAoNCUgZHJvcCBvbiBUaHVyc2RheSkgYW5kIHRoZW4gd2XigJlsbCBib3R0b20gb3V0IGEgY291cGxlIGRheXMgYWZ0ZXIgKC44JSBkYXkgdG9kYXkpLgoKSWYgdGhpcyB3ZWVrZW5kIHRoZSBuZXdzIGlzIGJldHRlciB0aGFuIGV4cGVjdGVkLCB5b3UgYmVhcnMgYXJlIGZ1Y2tlZCBsbWFvCgpJ4oCZbSBub3Qgc2F5aW5nIEnigJltIENvbmZ1Y2l1cyBvciBzb21lIHNoaXQsIGl0IHdhcyBhbiBlZHVjYXRlZCBndWVzcyBiYXNlZCBvbiBwYXN0IGV4cGVyaWVuY2VzLCBidXQgSeKAmXZlIGJlZW4gZW1waGFzaXppbmcgdGhpcyBwb2ludCBmb3IgYSB3aGlsZSBub3cuIEJFQVJTIERPTlQgR0VUIEdSRUVEWSEgWW91IHdlcmUgZ2lmdGVkIG9uZSBvZiB0aGUgZ3JlYXRlc3Qgd2Vla3MgdG8gYmUgYSBiZWFyLgoKTW9uZGF5IGlzIHRoZSBkYXkgb3IgcmVja29uaW5nLCBpdOKAmXMgZWl0aGVyIHRoZSBzdGFydCBvZiByZWNvdmVyeSBvciBhbm90aGVyIHdlZWsgb2YgZG93biBkYXlzIGFuZCBpdCBhbGwgY29tZXMgZG93biB0byDigJxob3cgYmFkIHRoZSBuZXdzIGlz4oCdIHRoaXMgd2Vla2VuZC4KCkl0IHdpbGwgYmUgYmFkLCBidXQgaG93IGJhZD8gSWYgaXTigJlzIG5vdCBiYWQgZW5vdWdoIHlvdSBiZXR0ZXIgc2VsbCB0aG9zZSBwdXRzIGF0IHRoZSBvcGVuIGZyLgoKWW914oCZdmUgYmVlbiB3YXJuZWQuLi4KClRMRFIgQ3V6IHlvdSBhdXRpc3RzIGRvbuKAmXQgc2VlIG15IHBvaW50OiBTaGl0cyBwcmljZWQgaW4sIGZlZCBjdXRzLCBwcmljZWQgaW4sIGh1bmRyZWRzIG9mIGNhc2VzIHBvcHBpbmcgdXAgdGhpcyB3ZWVrZW5kLCBwcmljZWQgaW4uIFlvdSBiZXR0ZXIgaG9wZSDigJwxMDAwcyBvZiBjb25maXJtZWQgY2FzZXMgaW4gVVPigJ0gcG9wcyB1cCB0aGlzIHdlZWtlbmQgb3IgZWxzZSBzdG9ja3Mgb25seSBnbyB1cCBmcm9tIGhlcmUu,MTU4Mjk1MzIzNS4w
SSdtIHNjcmV3ZWQ=,MTA4,U29sZCBhIGJ1bmNoIG9mIGNhbGwgY3JlZGl0IHNwcmVhZHMgb24gdGhlIFNQWSBlYXJsaWVyIHRvZGF5IHRoYXQgZXhwaXJlIE1vbmRheSwgdGhpbmtpbmcgSSB3YXMgc2xpY2suIEkgd2VudCBhbGwgdGhlIHdheSBvdXQgdG8gdGhlIHBvaW50IHRoZSBTUFkgd291bGQgbmVlZCB0byByYWxseSAzLjUtNCUgdG8gYnJlYWsgbWUuIFRoZW4gaXQgcmFsbGllZCBpbiAxNSBtaW51dGVzIGFuZCBkZXN0cm95ZWQgYWxsIG15IGhvcGVzIGFuZCBkcmVhbXMuIFRpbWUgdG8gY3J5IGFsbCB3ZWVrZW5kIGFuZCBsb3NlIGl0IGFsbCBvbiBNb25kYXku,MTU4Mjk1Mjc1My4w
QmVhciBnYWlucw==,ODE=,V2VsbCwgSSBjb3VsZCBoYXZlIG1hZGUgbW9yZSB0aGlzIG1vcm5pbmcgaWYgSSBzb2xkIGF0IDI4NSwgYnV0IGx1Y2tpbHkgSSBzb2xkIGJlZm9yZSB0aGF0IHJldGFyZGVkIGFzcyBidWxsIHJ1biBhdCB0aGUgZW5kIGJ5IFNQWS4gCgomI3gyMDBCOwoKaHR0cHM6Ly9wcmV2aWV3LnJlZGQuaXQvaGR0ODdma2FicWo0MS5wbmc/d2lkdGg9MTQwNyZmb3JtYXQ9cG5nJmF1dG89d2VicCZzPTJhMzRkMTI4YThiNWIyMmVkNWU3ZjY2YjhhMWFmMWI5YmQ4YjU3ZjAKCkknbSByZXRpcmluZyBmb3IgYSBiaXQgbm93LCBvbmNlIHRoaXMgcmV0YXJkIG1hcmtldCBpcyBvdmVyIEknbSBjb21pbmcgYmFjayB3aXRoIGEgdmVuZ2VhbmNlLgoKJiN4MjAwQjsKCkFsc28sIGhlcmUgaXMgb2JsaWdhdG9yeSBhbGwgdGltZTogCgpodHRwczovL3ByZXZpZXcucmVkZC5pdC9mdms0a3E2Z2JxajQxLnBuZz93aWR0aD0xNDE3JmZvcm1hdD1wbmcmYXV0bz13ZWJwJnM9MDI5N2FlNzAxNTNiNzViOWM0ZGRiYTZkNjk2Y2IxN2QzMjQxMDY5Nw==,MTU4Mjk1MjU1Mi4w
V2Vla2VuZCBEaXNjdXNzaW9uIFRocmVhZCAtIEZlYnJ1YXJ5IDI4IC0gTWFyY2ggMSwgMjAyMA==,MTY0,V2VsY29tZSBiYWNrIHRvIGFub3RoZXIgZWRpdGlvbiBvZiB0aGUgV2Vla2VuZCBEaXNjdXNzaW9uIFRocmVhZC4gTmludGggdHJhZGluZyB3ZWVrIG9mIHRoZSB5ZWFyIGhhcyBmaW5pc2hlZC4gCgpBcyBhIHRyYWRpdGlvbiB0aGF0IHN0YXJ0ZWQgZm9ydHktZWlnaHQgRnJpZGF5cyBhZ28sIHRoZSBmaXJzdCB0aHJlZSBjb21tZW50ZXJzIGluIGVhY2ggV2Vla2VuZCBEaXNjdXNzaW9uIFRocmVhZCB3aWxsIGdldCBhIGZsYWlyIGlmIHRoZXkgZG9uJ3QgYWxyZWFkeSBoYXZlIG9uZSwgYSBmbGFpciBjaGFuZ2UsIG9yIHRvIGRlc2lnbmF0ZSBhIGZsYWlyIGZvciBzb21lb25lIGVsc2UgKGVkaXQgeW91ciBjb21tZW50KS4KCk5vdGFibGUgZWFybmluZ3MgZm9yIHRoZSBbdXBjb21pbmcgd2Vla10oaHR0cHM6Ly9pLmltZ3VyLmNvbS9Ka3MwWTdoLnBuZykuCgpWZXJpZnkgZGF0ZXMgb24geW91ciBicm9rZXJhZ2UgcGxhdGZvcm0gaW4gY2FzZSBvZiBlcnJvcnMvY2hhbmdlcy4KCl9fXwoKW1dhbGxTdHJlZXRCZXRzIGJvb2sgbm93IGF2YWlsYWJsZSBpbiBwYXBlcmJhY2sgYXMgd2VsbCBhcyBraW5kbGVdKGh0dHBzOi8vb2xkLnJlZGRpdC5jb20vci93YWxsc3RyZWV0YmV0cy9jb21tZW50cy9ld3F1OTEvd2FsbHN0cmVldGJldHNfYm9va19ub3dfYXZhaWxhYmxlX2luX3BhcGVyYmFja19hcy8pCl9fXwoKKipOZXcgV2FsbFN0cmVldEJldHMgRGlzY29yZCoqOiBodHRwczovL2Rpc2NvcmRhcHAuY29tL2ludml0ZS94cGRiZUdUCgpfX18KCkFmdGVyIG9uZSBvZiB0aGUgd29yc3Qgd2Vla3MgaW4gaGlzdG9yeSwgdGhlc2UgaGVscGxpbmVzIG1pZ2h0IGJlIGhlbHBmdWwgZm9yIHNvbWUgb2YgeW91OgoKTmF0aW9uYWwgU3VpY2lkZSBQcmV2ZW50aW9uIExpZmVsaW5lOiAxLTgwMC0yNzMtODI1NQoKTmF0aW9uYWwgUHJvYmxlbSBHYW1ibGluZyBIZWxwbGluZTogMS04MDAtNTIyLTQ3MDAKClN1YnN0YW5jZSBBYnVzZSBhbmQgTWVudGFsIEhlYWx0aCBTZXJ2aWNlcyBBZG1pbmlzdHJhdGlvbidzIE5hdGlvbmFsIEhlbHBsaW5lOiAxLTgwMC02NjItNDM1NwoKU3VpY2lkZSBQcmV2ZW50aW9uIExpZmVsaW5lIExpdmUgQ2hhdCBbYXZhaWxhYmxlIGhlcmVdKGh0dHBzOi8vc3VpY2lkZXByZXZlbnRpb25saWZlbGluZS5vcmcvY2hhdC8pLgoKQ3Jpc2lzIHRleHQgaG90bGluZSBhdmFpbGFibGUgYnkgdGV4dGluZyBIT01FIHRvIDc0MTc0MSAoNjg2ODY4IGZvciBDYW5hZGEsIDg1MjU4IGZvciBVSykgZm9yIGNyaXNlcyBzdWNoIGFzIGFueGlldHksIHN1aWNpZGUsIGRlcHJlc3Npb24sIGVtb3Rpb25hbCBhYnVzZSwgYnVsbHlpbmcsIHNlbGYtaGFybSwgbG9uZWxpbmVzcywgZXRjLg==,MTU4Mjk1MjE4MS4w
VGhlIExhc3QgQnVsbHM=,NDc4,,MTU4Mjk0OTcxMy4w
QmVlcnYgYWJvdXQgdG8gZ2V0IG1vcmUgaW50ZXJlc3Rpbmc=,MTE=,,MTU4Mjk1MTU1MC4w
8J+MiCDwn5C7IE15IGJpZ2dlc3QgZ2FpbiB0aGlzIHdlZWs=,NTc=,,MTU4Mjk1MTMxMy4w
QWdncmVzc2l2ZS9VbnVzdWFsIE9wdGlvbnMgLSBXTVQvVC9KQkxVL0dF,MTg=,VG9kYXkgICAgSSBpbmNsdWRlZCB0aGUgYWdncmVzc2l2ZSAgb3JkZXJzIHRoYXQgSSBzZWUsIG1hbnkgb2YgdGhlbSBpbnN0ZWFkIG9mICAgICBqdXN0IGEgZmV3IGludG8gb25lIHBpY3R1cmUuICBUb2RheSBJIGRpZG4ndCBjb2xvciBjb2RlIHRoZSAgY2FsbHMvcHV0cyAgICAgYnV0IGRpZCBjb2xvciBjb2RlIHRoZSAgY29tcGFuaWVzLgoKVGhlc2UgICAgb3B0aW9ucyBvcmRlcnMgIGFyZSBvbiBvciBhYm92ZSB0aGUgYXNrLiBNYW55IGhhdmUgdGhlIHNhbWUgZXhwaXJ5ICBhbmQgICBzdHJpa2UuIEFsc28gbG90cyAgb2YgdGhlIG9yZGVycyB3ZXJlIHN3ZWVwcyBzbyB0aGVzZSBwcGwgd2VyZSAgIGJyZWFraW5nICBkb3duIHRoZWlyIG9yZGVyICB0byBnZXQgZmlsbGVkIGZhc3Rlci4KCkFsc28gICAgYWxsICB0aGVzZSBvcmRlcnMgdm9sdW1lIG9mIHRoZSBjb250cmFjdHMgZXhjZWVkZWQgdGhlIG9wZW4gaW50ZXJlc3QgICBpbiAgIG11bHRpcGxlIHRyYWRlcyBzbyBpdCdzIG1vc3QgbGlrZWx5IG5vdCBjbG9zaW5nIHBvc2l0aW9ucy4gRWl0aGVyICAgIGJ1eSAgICAgdG8gIG9wZW4gb3JkZXJzIG9yIHNlbGwgdG8gb3BlbiBvcmRlcnMgYW5kIGJhc2VkIG9uIHRoZSAgICBhZ2dyZXNzaXZlbmVzcyAgb2YgdGhlIG9yZGVycyBvbmUgY2FuIGluZmVyIGl0cyBidXkgdG8gb3Blbi4gU29tZSBvZiAgICAgdGhlc2UgbWF5IGJlICAgIGhlZGdlcyAgYW5kIHNvbWUgbW9zdCBsaWtlbHkgbm90LgoKRGF0YSBpcyBoZXJlIC0gW2h0dHBzOi8vaWJiLmNvL3NRRHFEWDhdKGh0dHBzOi8vaWJiLmNvL3NRRHFEWDgpCgpUaGlzIGlzIGp1c3Qgc29tZSBvZiB0b2RheSdzIG9yZGVycywgaSBrbm93IGl0IGlzIGxhdGUgaW4gdGhlIGRheSBidXQgSSBhbSBkb2luZyB0aGUgYmVzdCBJIGNhbiBkbyByaWdodCBub3cgdG8gcG9zdCB0aGVzZS4KClRoZSBXTVQtSkJMVSBwdXRzIGFyZSBtb3N0IGxpa2VseSB2aXJ1cyByZWxhdGVkIGZyb20gdGhlIHZpcnVzIGZlYXJzIGFzIHdlbGwgYXMgRGlzbmV5LiBBcyBmb3IgQXQmVCBpIGFtIHVuc3VyZSB3aHkgYWxsIHRoZSAkIG9uIHB1dHMuCgpJICAgd2lsbCBzYXkgdGhpcywgZG9uJ3QganVzdCBlbnRlciBZT0xPJ3MgaW4gcG9zaXRpb25zIGJhc2VkIG9uIHRoaXMgZGF0YSAgICAgICAgYWxvbmUgaW4gbW9zdCBjYXNlcy4gVXNlICB0ZWNobmljYWxzL2Z1bmRhbWVudGFscy9vcHRpb25zICAgICBkYXRhLWZsb3cvbWFya2V0ICBzZWRpbWVudCBhbGwgY29tYmluZWQgIGluc3RlYWQgb2YganVzdCAxIG9mIHRoZXNlLiBVc2UgICAgICAgIHByb3RlY3Rpb24gbGlrZSAgc3ByZWFkcyBpZiB5b3Ugd29ycnkgIGFib3V0IGxvc2luZyB3aGF0IHUgcHV0IGluICAgICBhbmQgICAgYmUgIHNtYXJ0LCAgdW5kZXJzdGFuZCB0aGUgcmlza3Mgb2YgcHV0dGluZyAgJCBpbnRvIHdlZWtseSAgICAgZXhwaXJ5J3MsIGNvbnNpZGVyIGEgbG9uZ2VyIGV4cGlyeS4KCkFsc28gd2l0aCB0aGUgbWFya2V0IGdvaW5nIGxvd2VyIHVzZSB0ZWNobmljYWxzL2Z1bmRhbWVudGFscy9vcHRpb25zICAgZGF0YS1mbG93L21hcmtldCAgc2VkaW1lbnQgYWxsIGNvbWJpbmVkLgoKJiN4MjAwQjsKCkkgd2FudGVkIHRvIGFkZCwgNTAgQ2VudCBWSVggdHJhZGVyIHJ1ZmZlciBsbHAgKG9yIHdoYXRldmVyKSBpcyBzdGlsbCBob2xkaW5nIG1vc3Qgb2YgdGhlaXIgdml4IGNhbGxzLg==,MTU4Mjk1MDk2MC4w
REQgb24gR0xEIChUTERSIGluY2x1ZGVkKQ==,MTE=,WmlrYSBhZmZlY3RlZCB0aGUgc3RvY2sgbWFya2V0IHdpdGggYSAtMTIuOSUgY29ycmVjdGlvbiBhY2NvcmRpbmcgdG8gQ05CQy4KCltodHRwczovL3d3dy5jbmJjLmNvbS8yMDIwLzAxLzI4L21hcmtldC1yZWFjdGlvbnMtdG8tbWFqb3ItdmlydXMtc2NhcmVzLXNob3ctc3RvY2tzLWhhdmUtbW9yZS10by1sb3NlLmh0bWxdKGh0dHBzOi8vd3d3LmNuYmMuY29tLzIwMjAvMDEvMjgvbWFya2V0LXJlYWN0aW9ucy10by1tYWpvci12aXJ1cy1zY2FyZXMtc2hvdy1zdG9ja3MtaGF2ZS1tb3JlLXRvLWxvc2UuaHRtbCkKCkJ1dCBsZXQncyB0YWtlIGEgbG9vayBhdCBpdHMgZWZmZWN0cyBvbiBnb2xkLCBzcGVjaWZpY2FsbHkgdGhlICoqRVRGOkdMRCoqLgoKJiN4MjAwQjsKCkxldCB1cyB0YWtlIGEgbG9vayBhdCB0aGUgbnVtYmVycy4KCk9uIEphbnVhcnkgNHRoIDIwMTYsIEdMRCB3YXMgMTAzLjEzCgpGZWJydWFyeSAxc3QgMjAxNiwgV0hPIGRlY2xhcmVzIFppa2EgYW4gb3V0YnJlYWssIEdMRCB3YXMgMTA3LjU0LgoKSnVseSAyOXRoIDIwMTYsIENEQyBjb25maXJtcyA0IGNhc2VzIG9mIFppa2EgaW4gRmxvcmlkYSwgR0xEIHdhcyAxMjUuOTEuCgpBdWd1c3QgMjl0aCAyMDE2LCBDREMgY29uZmlybXMgbW9yZSBjYXNlcyBvZiBaaWthIGluIEZsb3JpZGEsIEdMRCB3YXMgMTI2LjAwLgoKU2VwdGVtYmVyIDE5dGggMjAxNiwgQ0RDIGxpZnRzIHRyYXZlbCBhZHZpc29yeSBpbiBGbG9yaWRhLCBHTEQgd2FzIDEyNS4zMi4KClRoZSB5ZWFyIHdvdWxkIGVuZCB3aXRoIEdMRCBhdCAxMDkuNjEuCgpCZXR3ZWVuIHRoZXNlIGdpdmVuIGRhdGVzLCBHTEQgcmVhY2hlZCBhICoqaGlnaCBvZiAxMzAuNTIgb24gSnVseSAyOHRoLCAyMDE2LioqCgomI3gyMDBCOwoKR0xEIGlzIHNsb3dseSBkZWNsaW5pbmcgZnJvbSBhIHJlY2VudCBzdXJnZS4gVGFrZSB3aGF0IHlvdSB3YW50IGZyb20gdGhpcyBpbmZvcm1hdGlvbiwgYnV0IGZyb20gd2hhdCBJIGNhbiB0ZWxsIHZpcnVzZXMgb3IgZGlzZWFzZXMgc3ByZWFkaW5nIGxlYWQgdG8gYSBoaWdoIGluIEdMRCAod2hpY2ggbW9zdCBvZiB5b3UgcHJvYmFibHkgYWxyZWFkeSBrbm93KSwgYW5kIEkgYmVsaWV2ZSB3ZSBoYXZlIGFscmVhZHkgcmVhY2hlZCB0aGF0IGhpZ2guICAKCiYjeDIwMEI7CgpFRElUOiBJbiByZWdhcmRzIHRvIGNvbWUgY29tbWVudHMgc2F5aW5nIHRoYXQgdGhlIEZlZCBsb3dlcmluZyBpbnRlcmVzdCBsZWFkcyB0byBnb2xkIGdvaW5nIHVwLCBhY2NvcmRpbmcgdG8gdGhlc2Ugc291cmNlcywgdGhlcmUgaXMgbm8gY29ycmVsYXRpb24gdG8gdGhhdC4gSW4gc29tZSBjYXNlcywgcmFpc2luZyB0aGUgaW50ZXJlc3QgcmF0ZSBhY3R1YWxseSBoZWxwcyBnb2xkLiBTZWUgYmVsb3cuCgogW2h0dHBzOi8vd3d3LmludmVzdG9wZWRpYS5jb20vYXJ0aWNsZXMvaW52ZXN0aW5nLzEwMDkxNS9lZmZlY3QtZmVkLWZ1bmQtcmF0ZS1oaWtlcy1nb2xkLmFzcF0oaHR0cHM6Ly93d3cuaW52ZXN0b3BlZGlhLmNvbS9hcnRpY2xlcy9pbnZlc3RpbmcvMTAwOTE1L2VmZmVjdC1mZWQtZnVuZC1yYXRlLWhpa2VzLWdvbGQuYXNwKSAKCiBbaHR0cHM6Ly93d3cuaW52ZXN0b3BlZGlhLmNvbS9hcnRpY2xlcy9tYXJrZXRzLzA3MDExNS9yaXNpbmctaW50ZXJlc3QtcmF0ZXMtd2hvLWl0LWhlbHBzLXdoby1pdC1odXJ0cy5hc3BdKGh0dHBzOi8vd3d3LmludmVzdG9wZWRpYS5jb20vYXJ0aWNsZXMvbWFya2V0cy8wNzAxMTUvcmlzaW5nLWludGVyZXN0LXJhdGVzLXdoby1pdC1oZWxwcy13aG8taXQtaHVydHMuYXNwKSAKCioqdGxkcjsgc2hvcnQgZ29sZCBvciAkR0xEKio=,MTU4Mjk1MDY5Mi4w
VGhpcyB3ZWVrIG9uIGNvcm9uYSB2aXJ1cyBuZXdz,NTY=,,MTU4Mjk1MDQ4Ni4w
MTBLIHByb2ZpdCBmcm9tIFNQWSwgVFFRUSwgREFMIGFuZCBVQUwgcHV0cw==,MjA=,,MTU4Mjk1MDA2MC4w
TWUg8J+MiPCfkLs=,Mjc=,,MTU4Mjk1MDE4Ni4w
UHV0cyBvbiBMWVYgKExpdmUgTmF0aW9uKSBhcyBoZWRnZSBmb3IgeW91ciBwb3J0Zm9saW8gYWdhaW5zdCBDb3JvbmEgc3ByZWFkLiBQTFVTIEVYQ0lUSU5HIEJPTlVTIFBMQVkgSUYgWU9VIFJFQUQgVE8gVEhFIEJPVFRPTS4=,MjM=,KipQVVQgT3B0aW9ucyBvbiBMWVYqKgoKTGl2ZSBuYXRpb24gb3BlcmF0ZXMgYXMgYSBsaXZlIGVudGVydGFpbm1lbnQgY29tcGFueSBtZWFuaW5nIGxvdHMgb2YgcGVvcGxlIGdhdGhlciB0b2dldGhlciBpbiB3aGF0IGluZXZpdGFibHkgd2lsbCBiZWNvbWUgYSBDb3JvbmEgdmlydXMgYmF0aCBpZiB0aGlzIHRoaW5nIHNwcmVhZHMuCgpZYSdsbCBrZWVwIHRhbGtpbmcgYWJvdXQgdGhlIE9seW1waWNzIGJlaW5nIGNhbmNlbGxlZC4uLiBkaWQgeW91IHNlZSB0aGUgc29jY2VyIGdhbWUgd2l0aCBiYXNpY2FsbHkgWkVSTyBwZW9wbGUgaW4gdGhlIHN0YW5kcz8gSG93IGFib3V0IGNvbmNlcnRzLgoKVGhlaXIgbnVtYmVycyBhcmVuJ3QgaG9ycmlibGUgYnV0IHRoZWlyIFAvRSBhdCB0aGVpciBjdXJyZW50IHN0b2NrIHByaWNlIGlzIDEsNDA1LjgxIHNvIEkgdGhpbmsgdGhlcmUgaXMgc29tZSByb29tIGZvciBhIGhhaXJjdXQuICBUaGV5IGFsc28gbWlzc2VkIGVhcm5pbmdzIHJlY2VudGx5ICggLSQuMTgpLgoKKipCT05VUyBQTEFZOioqCgpDYWxsIE9wdGlvbnMgb24gQ1BCCgooQ2FtcGJlbGxzIFNvdXApLiBUaGUgZmlyc3QgdGltZSB0aGUgbmV3cyBzaG93cyBzb21lIGVtcHR5IHNoZWx2ZXMgdGhpcyB0aGluZyBpcyBnb2luZyB0byBtb29uIElNSE8gYXMgYWxsIHRoZSBLYXJlbnMgcnVuIG91dCB0byBmaWxsIHRoZWlyIGNhYmluZXRzIGZvciBhIDE0LWRheSBxdWFyYW50aW5lLgoKXCpNYWtlIHlvdXIgb3duIGZpbmFuY2lhbCBkZWNpc2lvbnMuIFRoaXMgaXMgbm90IGludGVuZGVkIHRvIGJlIGZpbmFuY2lhbCBhZHZpY2UuIE9wdGlvbnMgb2Z0ZW4gZ28gdG8gemVyby4=,MTU4Mjk0OTg2Ni4w
SSdkIGxpa2UgdG8gdGhhbmsgTWlrZSAiUHJheSB0aGUgVmlydXMgQXdheSIgUGVuY2UgZm9yIHRha2luZyBvdmVyIGFzIGJlYXIgY3phcg==,MTYx,,MTU4Mjk0Nzg0OS4w
TXkgd2VlayBpbiBhIG51dHNoZWxs,Mjc0,,MTU4Mjk0Nzc2MC4w
UmVhbGx5Pw==,NDU=,SXMgaXQgcmVhbGx5IHRoYXQgZnVja2luZyBiYWQ/ICBEaWQgY29tcGFuaWVzJyB2YWx1YXRpb25zIHJlYWxseSBncm93IG9ubHkgMTUlIHNpbmNlIGxhdGUgRGVjZW1iZXIgMjAxOCAtIGxpa2UgYXMgdGhvdWdoIDIwMTkgZGlkbid0IGZ1Y2tpbmcgaGFwcGVuPwoKTGlrZSBhcyB0aG91Z2ggbm9uZSBvZiB0aGUgdHJhZGUgdGFsa3MgYmFjayBhbmQgZm91cnRoIGJldHdlZW4gQ2hpbmEgYW5kIHRoZSBVUywgd2l0aCB0aGUgZnVyaW91cyBibGF6aW5nbHkgaGlnaCwgIlRyYWRlIHRhbGtzIGdvaW5nIHdlbGwhIiBhbmQgdGhlIHN1aWNpZGFsIGxvd3Mgb2YsICJDaGluYSB0YWtpbmcgYWR2YW50YWdlIiBqdXN0IG5ldmVyIHRvb2sgcGxhY2UuLi5sZWFkaW5nIHRvIGEgaHVnZSBtYXNzaXZlIGZyaWVuZHNoaXAgYW5kIG5ldyB0cmFkZSBkZWFsIGxpa2UgbGlrZXMgb2Ygd2hpY2ggd2UgaGF2ZSBuZXZlciBzZWVuIGJlZm9yZT8gIFNvIHdlJ3JlIGp1c3Qgc3VwcG9zZWQgdG8sICJpZ25vcmUsIiB0aGF0IHdob2xlIGhpc3Rvcnk/ICBHaXZlIG1lIGEgYnJlYWsuCgpBcyB0aG91Z2ggQm9laW5nIG5ldmVyIGNyYXNoZWQgYSBjb3VwbGUgcGxhbmVzIGFuZCB0aGVuIHdlbnQgdGhyb3VnaCBtYWpvciByZXN0cnVjdHVyaW5nIHRvIDEwMDAlIGltcHJvdmUgdGhlaXIgc29mdHdhcmUgYW5kIG1hbnVmYWN0dXJpbmcgcHJvY2Vzcz8gIE9oLi4uc28gdGhhdCBuZXZlciBmdWNraW5nIGhhcHBlbmVkIGFuZCB3ZSdyZSBiYWNrIHRvIGNyYXNoeS1kZWF0aHkgcGxhbmVzIG5vdyBiZWNhdXNlIHNvbWUgcGVvcGxlIGhhdmUgdGhlIHNuaWZmbGVzPyAgUmlkaWN1bG91cy4KCk9oLi4uc28gd2UncmUganVzdCB0byBmdWNraW5nIHByZXRlbmQgdGhhdCBGYWNlYm9vayBkaWRuJ3QgbGF1bmNoIGEgc3VwZXIgc3VjY2Vzc2Z1bCBjcnlwdG9jdXJyZW5jeSB3aGljaCBub3cgaGFzIGluY3JlZGlibHkgaGlnaCBhZG9wdGlvbj8gIEkgYW0gY29uc3RhbnRseSB1c2luZyBGYWNlQ29pbiBhbGwgdGhlIHRpbWUgdG8gYnV5IGV2ZXJ5dGhpbmcgSSBuZWVkIC0gZ3JvY2VyaWVzLCBjaWdhcmV0dGVzLCBnYXNvbGluZS4uLmV2ZXJ5IHRpbWUgSSBzdG9wIGFuZCBnZXQgZ2FzIEkgdXNlIEZhY2VDb2luIGFuZCBub3cgeW91J3JlIHN1cHBvc2VkIHRvIHRlbGwgbWUgdGhhdCB0aGF0IGh1Z2VseSB0cmFuc2Zvcm1hdGl2ZSBmb3JjZSBpbiBvdXIgZWNvbm9teSwgaXMgImZ1Y2sgYWxsIiBiZWNhdXNlIG9mIHNvbWV0aGluZyB0aGF0LCAibWlnaHQgaGFwcGVuPyIKCllvdSdyZSB0cnlpbmcgdG8gdGVsbCBtZSB0aGF0IG5vdyB0aGF0IEkgaGF2ZSB0aGUgYWJpbGl0eSB0byBzdGFydCBhIGJ1c2luZXNzLCBsaXRlcmFsbHkgYW55d2hlcmUsIGFueSB0aW1lLCBhbmQgY29udmVuaWVudGx5IGdldCBvZmZpY2Ugc3BhY2UgYXQgV2VXb3JrLCBvbmUgb2YgdGhlIG1vc3Qgc3VjY2Vzc2Z1bCwgaW5ub3ZhdGl2ZSwgaW5jcmVkaWJsZSB3YXlzIHRvIGFic29sdXRlbHkgdHJhbnNmb3JtIGhvdyB3ZSB3b3JrIGp1c3QgZG9lc24ndCBoYXBwZW4/ICBJIG1lYW4gaG93IG1hbnkgb2YgdXMgd29yayBhdCBhIFdlV29yayBub3c/ICBQcm9iYWJseSBhbGwuICBGdWNraW5nIGFkbWl0IGl0LCB5b3UncmUgd29ya2luZyBmcm9tIGEgV2VXb3JrIHJpZ2h0IG5vdyBhcyB5b3UgcmVhZCB0aGlzLgoKTGFzdGx5IGFuZCBtb3N0IGltcG9ydGFudGx5Li4ueW91J3JlIHRlbGxpbmcgbWUgdGhhdCBhIDEwJSBkcm9wIGluIGNvcnBvcmF0ZSB0YXhlcyBkaWQsICJub3RoaW5nLiIgIEhtbS4uLk9LLi4ub2J2aW91c2x5IHlvdSBoYXZlIG5ldmVyIGRvbmUgYW55IGtpbmQgb2YgYnVzaW5lc3MgYXQgYWxsLCBldmVyLiAgVGhlcmUncyB0aGlzIGxpdHRsZSB0aGluZyBjYWxsZWQsICJyZWludmVzdGluZyBwcm9maXRzLCIgd2hpY2ggY29ycG9yYXRpb25zIHRlbmQgdG8gZG8gLSB5b3UgdGhpbmsgdGhleSBmdWNraW5nIGp1c3QgdGFrZSB0aG9zZSBwcm9maXRzIGFuZCBoYW5kIHRoZW0gb3ZlciBhcyBkaXZpZGVuZHMgYW5kIGJ1eSBiYWNrIHN0b2NrPwoKUHVyZSBsdW5hY3ku,MTU4Mjk0ODIwOC4w
SG93IGkgYWxtb3N0IHdlbnQgMjZrIGluIGRlYnQgb3ZlciBteSBmaXJzdCAxIGNvbnRyYWN0IG9wdGlvbi4=,MzMw,VG9kYXkgaSBkZWNpZGVkIHRvIGJ1eSBhIFZJWCBjb250cmFjdCBleHBpcmluZyBtYXJjaCAzcmQgYXQgMTBVU0RBIHdpdGggYSAzMC4xIGNvc3QgcGVyIGNvbnRyYWN0LgoKSSB0aG91Z2h0IGkgd2FzIHNvIHNtYXJ0IGJ5IGJ1eWluZyBhIGNhbGwgd2F5IGJlbG93IG1hcmtldCB0cmFkaW5nIHByaWNlIChpZiB5b3UgR29vZ2xlIFZJWCwgaXQgInRyYWRlcyIgYXQgNDVVU0QpLgoKSSBib3VnaHQgYSBzaW5nbGUgY29udHJhY3QgYmVjYXVzZSBteSA1ayBjYXNoIGFwcGFyZW50bHkgZGlkbid0IGxldCBtZSBidXkgbW9yZSAoYW5kIEkgZGlkbid0IGtub3cgd2h5KSwgaSBvcmlnaW5hbGx5IHdhbnRlZCB0byBidXkgNTAgb2YgdGhlc2UuCgpJdCBpbW1lZGlhdGVseSBkZWR1Y3RlZCAzayBjYXNoIGZyb20gbXkgYmFsYW5jZSBhbmQgaSBnb3QgYSBub3RpY2UgdGhhdCBteSBhY2NvdW50IG1heSBnZXQgbGlxdWlkYXRlZCBpZiB0aGUgcHJpY2Uga2VlcHMgZ29pbmcgZG93bi4KCkkgcGFuaWNrZWQgYW5kIGNhbGxlZCBzdXBwb3J0IGFuZCBoZSB0b2xkIG1lOiAKCipZZXAsIHlvdSBib3VnaHQgYSBjb250cmFjdCwgd29ydGggMTAwIFZJWCwgb24gbWFyZ2luLCB5b3UgYXJlIDI4IHRob3VzYW5kIG9uIHRoaXMgdHJhZGUgYW5kIGl0IGlzIGFib3V0IHRvIGdldCBsaXF1aWRhdGVkIGlmIGl0IGdvZXMgYSBjZW50IGJlbG93KgoKV0hBVCBUSEUgRlVDSywgZXZlcnlib2R5IGluIG15IHdhZ2Ugc2xhdmUgb2ZmaWNlIHdlbnQgcXVpZXQgYW5kIGZlbHQgbXkgZmVhci4KCkhlIGhlbHBlZCBtZSBzZWxsIGl0IGZvciBicmVhayBldmVuIGFmdGVyIHRoZSBsaXR0bGUgdm9sdW1lIGF2YWlsYWJsZSB1cHBlZCBpdCBmcm9tIDI5IHRvIDMwLjEwIGJ1Y2tzIGFuZCBpIGp1c3QgZ290IGhpdCB3aXRoIGEgMS41VVNEIHR4IGZlZS4KCkZ1Y2sgb3B0aW9ucyBpIHRob3VnaHQgeW91IGp1c3Qgc3BlbnQgdGhlIGNvc3Qgb2YgdGhlIGNvbnRyYWN0LCBpIGFsbW9zdCBnb3QgbXlzZWxmIDI2ayBpbiBkZWJ0LgoKaHR0cHM6Ly9pbWd1ci5jb20vYS9JeGlvUkc2IHNjcmVlbnNob3Qgb2YgdGhlIDNrIGRlZHVjdGVkLCBob3cgdGhlIGZ1Y2sgdGhhdCBtZWFudCBpIHRvb2sgYSAyOGsgbWFyZ2luIHBvc2l0aW9uIGlzIGJleW9uZCBtZQoKaHR0cHM6Ly9pbWd1ci5jb20vYS9FWWdNVzZUIHdhcm5pbmcgaSBnb3QgZm9yIHRob3NlIHRoYXQgZG9uJ3QgYmVsaWV2ZSBtZS4=,MTU4Mjk0ODA0Mi4w
TW9kcyBhcmUgZ2F5IHBsZWFzZSBsZXQgbWUgcG9zdA==,MTIy,QmVlbiB0cnlpbmcgdG8gcG9zdCBnYWlucyBmb3IgdGhlIHBhc3QgdGhyZWUgZGF5cywgbHVja2lseSBtb2RzIHdlcmUganVzdCB3YWl0aW5nIGZvciBtZSB0byBtYWtlIGJpZ2dlciBnYWlucyB0b2RheSBiZWZvcmUgbGV0dGluZyBtZSBwb3N0CgpodHRwczovL3ByZXZpZXcucmVkZC5pdC8zM3hsajJyM3dwajQxLmpwZz93aWR0aD01NDAmZm9ybWF0PXBqcGcmYXV0bz13ZWJwJnM9NjZhNmMwODA5MWEzMTJkZDM0YzJiY2FkN2Q3MzIyYTU4ZWY1NGQ4OQoKUG9zaXRpb25zOiBbaHR0cHM6Ly9pbWd1ci5jb20vYS9XVmNqc1E3XShodHRwczovL2ltZ3VyLmNvbS9hL1dWY2pzUTcp,MTU4Mjk0NzM0OS4w
8J+MiPCfkLsgbm90IGJhZCBmb3IgYSBiYWJ5IGN1Yg==,NTE=,,MTU4Mjk0NzAxOC4w
SSBndWVzcyBiZWluZyBhIGdheSBiZWFyIHBheXMgb2ZmIPCfjIjwn5C7IEkgZmluYWxseSByZWFjaGVkICQyNWsgb24gbXkgUm9iaW5ob29kIGFjY291bnQ=,NTE=,,MTU4Mjk0NjM3OC4w
RnJvbSDwn5CXIHRvIPCfjIjwn5Co,MzQ=,,MTU4Mjk0NTg5MS4w
SSBoYWx2ZWQgbXkgYWNjb3VudCB1c2luZyBvbmx5IHNoYXJlcyBhbmQgbGV2ZXJhZ2U=,NjE=,,MTU4Mjk0NTkwNy4w
IkNhbiB3ZSBhbGwganVzdCBnZXQgYWxvbmc/IiAtIFJvZG5leSBLaW5n,MTIzOQ==,,MTU4Mjk0NjQ1OC4w
R29vZ2xlIGVtcGxveWVlIGRpYWdub3NlZCB3aXRoIENvcm9uYXZpcnVz,MTgy,T2ggYm95ISBJcyBNb25kYXkgZ29ubmEgYmUgcmVkIGd1eXM/ICAKCgpTb3VyY2UgOiBbaHR0cHM6Ly93d3cuY25iYy5jb20vMjAyMC8wMi8yOC9nb29nbGUtZW1wbG95ZWUtZGlhZ25vc2VkLXdpdGgtY29yb25hdmlydXMuaHRtbF0oaHR0cHM6Ly93d3cuY25iYy5jb20vMjAyMC8wMi8yOC9nb29nbGUtZW1wbG95ZWUtZGlhZ25vc2VkLXdpdGgtY29yb25hdmlydXMuaHRtbCk=,MTU4Mjk0NjM1OS4w
VHdpdHRlciBUaXBzIC0+IFNwb3J0cyBQaWNrcyAtPiBSQ0wgUFVUIEdBSU5TLi4uIGJ1dCBuZWVkIGhlbHAgbm93,NQ==,Rmlyc3QgZ2FpbnMgaSBuZWVkIGhlbHAgd2l0aC4uLiAgCgoKJiN4MjAwQjsKCmh0dHBzOi8vcHJldmlldy5yZWRkLml0LzhrdDVpdjkyc3BqNDEuanBnP3dpZHRoPTExMjUmZm9ybWF0PXBqcGcmYXV0bz13ZWJwJnM9NGU0N2Q0ZTVhNjM2ZDk2OGY3ZjYzMDQ1ZTA2NGQyZGY4ZmRiZTJiYgoKKipub3cgc3RvcnkgdGltZS4uLioqICAKCgpUd28gd2Vla3MgYWdvIEkgc2F3IGEgZmVtaW5pc3QgdmlyYWxpc3QgY2F0IHBlcnNvbiBvbiB0d2l0dGVyIHNheSBpdCB3YXMgYSBnb29kIGlkZWEgdG8gc2hvcnQgY3J1aXNlcy4gU2hpdCBpZiB0aGV5IHdhbnQgdG8gZG8gaXQsIHRoZW4gSSdtIGZ1Y2tpbmcgZG9vb29vd24uCgpTbyBJIGZpcmVkIHVwIG15IG9sZCByb2Jpbmhvb2QgYWNjb3VudCBhbmQgZ3JlYXQgdGhlcmUgd2FzIGFib3V0ICQ5NSBsZWZ0IGZyb20gYnV5aW5nIFNuYXAgb3B0aW9ucyB3aGVuIHRoYXQgc2hpdCB3YXMgbGlrZSAkNSBhbmQgd2VudCB0byAkMTEuCgpUaGF0IHdhc24ndCBlbm91Z2ggdG8gYnV5IGFueXRoaW5nIGdvb2QgYW5kIEkgbmVlZGVkIHNvbWUgJCQkIHRvIGNvbnRyaWJ1dGUgdG8gdmFsZW50aW5lJ3MgZGF5IGZvciB0aGUgdGhyb3VwbGUgSSdtIGN1cnJlbnRseSBpbiwgc28gSSB0aG91Z2h0IHdoeSBub3QganVzdCByaXNrIGV2ZXJ5dGhpbmcgb24gc29tZSBzcG9ydHMgYmV0cy4KCioqSXQgb25seSB3b3JrcyAxMDAlIG9mIHRoZSB0aW1lLioqCgpIZXJlIGlzIHdoYXQgaGFwcGVuZWQuCgpodHRwczovL3ByZXZpZXcucmVkZC5pdC94N2t0aHdsNHJwajQxLnBuZz93aWR0aD0xMTIyJmZvcm1hdD1wbmcmYXV0bz13ZWJwJnM9OWZmMGYzZTIwNDYzOTFiYjhjY2NkNjIwYmZhZjBhZGFmN2JkMzlmNAoKWW91J2xsIG5vdGljZSB0aGF0IHRoZSBCdWNrcyBvdmVyIGlzIGluIHRoZSBwYXJsYXkuIEl0IHdhc24ndCBzdXBwb3NlZCB0byBoaXQsIGJ1dCBpZiB5b3UgbG9vayBhdCB0aGUgNFEgaXQgZGlkIGhpdC4gU28gbGlrZSBJIHNhaWQgdGhpcyBzdHJhdGVneSB3b3JrcyAxMDAlIG9mIHRoZSB0aW1lIHdoZW4geW91IG5lZWQgbW9uZXkuCgpJIHdlbnQgZG93bnN0YWlycyBhbmQgdG9sZCBteSBib29raWUgKG15IG1vbSkgdG8gcGF5IG1lIGltbWVkaWF0ZWx5IHNvIHRoYXQgSSBjb3VsZCB1c2UgdGhlIGZ1bmRzIHRvIGJ1eSBzb21lIHB1dCBvcHRpb25zIHZpYSBhZHZpY2UgZnJvbSBjYXQgbGFkeSBvbiByZWRkaXQuICBTaGUgd2FzIHByZXR0eSBwaXNzZWQgYW5kIGNvdWxkbid0IGJlbGlldmUgaXQgYnV0IHNoZSBwYWlkIG91dC4KCkkgdGhlbiBob29rZWQgdXAgdG8gbXkgbmVpZ2hib3IncyB3aWZpIFBhcmFzaXRlIHN0eWxlIGFuZCBib3VnaHQgYSBmZXcgcHV0cyBvbiBSb3lhbCBDYXJyaWJiZWFuLiBOb3Qgc3VyZSB3aHkgSSBwaWNrZWQgdGhlbSBiZWNhdXNlIHRoaXMgc2hpdCB3YXMgb25seSBnb2luZyBvbiBpbiBDaGluYSBidXQgaXQgaGFzIHBhaWQgb2ZmIHNvIGZhci4KClRoaXMgbWFkZSBtZSBjb25maWRlbnQgYW5kIEkndmUgYmVlbiBidXlpbmcgbW9yZSBwdXRzIG9uIGFsbCBraW5kcyBvZiB3ZWlyZCBzaGl0IGluIGZvcmVpZ24gY291bnRyaWVzIHdoZXJlIHRoZXJlIGhhdmUgYmVlbiBubyBzaWducyBvZiB0aGUgY29yb25hIHZpcnVzLgoKQnV0IHlvdSBrbm93IHRoZSBmdW4gaXMgZW5kaW5nIG5vdyBhbmQgdGhlIHdlZWsgaXMgb3ZlciBhbmQgSSBoYXZlIG5vIGNsdWUgd2hhdCB0byBkby4gTXkgdGhyb3VwbGUgc2F5cyB3ZSBzaG91bGQgYWxsIGdvIHRvIERpc25leSBpbiBKYXBhbiBhZnRlciBpdCByZS1vcGVucyBpbiBhIGZldyBtb250aHMuCgoqKldoYXQgc2F5IHlvdSBXU0I/Kio=,MTU4Mjk0NjE4MS4w
W0REXSBCcmF6aWwgaXMgYSBCbGFjayBIb2xlLg==,NjA=,VExEUjogVGhlIENvcm9uYXZpcnVzIHNpdHVhdGlvbiBpbiBCcmF6aWwgaXMgbm90IGZ1bGx5IGFwcHJlY2lhdGVkLiAgCgpJIGJlbGlldmUgbWFya2V0cyBhcmUgdW5kZXJlc3RpbWF0aW5nIHRoZSBzcHJlYWQgb2YgdGhlIENvcm9uYXZpcnVzIGluIEJyYXppbCwgYW5kIEkgYmVsaWV2ZSB0aGUgInNtYXJ0IG1vbmV5IiBpcyBjaGFzaW5nIHRoaXMgaHlwb3RoZXNpcy4KCkdsb2JhbCBDb3JvbmF2aXJ1cyBoZWF0bWFwcyBpbmRpY2F0ZSBCcmF6aWwgaGFzIG9uZSBjb25maXJtZWQgY2FzZSAoYXMgb2YgdGhpcyBwb3N0KToKCiogaHR0cHM6Ly93d3cubnl0aW1lcy5jb20vaW50ZXJhY3RpdmUvMjAyMC93b3JsZC9jb3JvbmF2aXJ1cy1tYXBzLmh0bWwKCiogaHR0cHM6Ly93d3cubmJjbmV3cy5jb20vaGVhbHRoL2hlYWx0aC1uZXdzL2Nvcm9uYXZpcnVzLW1hcC1jb25maXJtZWQtY2FzZXMtMjAyMC1uMTEyMDY4NgoKSSBiZWxpZXZlIHRoZSB0cnVlIG51bWJlciBvZiBjYXNlcyBtYXkgYmUgbXVjaCBoaWdoZXIuICBKdXN0IGxpa2UgR2VybWFueSwgQnJhemlsIHJlY2VudGx5IGhlbGQgQ2Fybml2YWwgLSBodW5kcmVkcyBvZiB0aG91c2FuZHMgb2YgcGVvcGxlIGluIGNvbmZpbmVkIHNwYWNlIGRvaW5nIHdobyBrbm93cyB3aGF0LgoKKiBodHRwczovL3d3dy5pbnNpZGVyLmNvbS9icmF6aWwtY2Fybml2YWwtZmVzdGl2YWwtcGFyYWRlLXBob3Rvcy1yaW8tZGUtamFuZWlyby0yMDIwLTIKCkxvbmcgaW5jdWJhdGlvbiBwZXJpb2QgKyBjbG9zZSBwcm94aW1pdHkgKyBtYXNzIGdyb3VwcyBvZiBwZW9wbGUgPSByaXNlIGluIGNvbmZpcm1lZCBjYXNlcyBhbmQgbmVnYXRpdmUgbWFya2V0IHJlYWN0aW9uICh0aGF0J3MgdGhlIHRoZW9yeSBhbnl3YXkpLiAgCgpJcyBhbnlvbmUgZWxzZSBsb29raW5nIGludG8gdGhpcz8gIExvb2tpbmcgYXQgRVdaIHlvdSB3b3VsZG4ndCBuZWNlc3NhcmlseSB0aGluayBzby4gIFRoZXkndmUgZm9sbG93ZWQgc2ltaWxhciBwZXJjZW50YWdlIGRlY2xpbmVzIGFzIHRoZSBTJlAgNTAwLiAgQnV0LCB1c2luZyBHb29nbGUgVHJlbmRzLCB0aGVyZSBoYXMgYmVlbiBhIHNwaWtlIGluICJDb3JvbmF2aXJ1cyBCcmF6aWwiIHNlYXJjaGVzIGFuZCBpbiB0aGUgcGFzdCBtb250aCB0aGVyZSBoYXMgYmVlbiBhIHBhcmFib2xpYyByaXNlIGluIHRoZXNlIHNlYXJjaGVzIGNvbWluZyBmcm9tLiAuIC4gIE5ldyBZb3JrIGFuZCBELkMuLCBhbW9uZyBvdGhlcnMuICAKCiogaHR0cHM6Ly90cmVuZHMuZ29vZ2xlLmNvbS90cmVuZHMvZXhwbG9yZT9kYXRlPXRvZGF5JTIwMS1tJmdlbz1VUyZxPUJyYXppbCUyMENvcm9uYXZpcnVzCgpOb3cgZG8gd2UgdGhpbmsgdGhlcmUncyBhIGxvY2FsaXplZCBncm91cCBvZiBCcmF6aWxpYW4gbmF0aW9uYWxzIGNlbnRlcmVkIGluIGZpbmFuY2lhbCBkaXN0cmljdHMgZnJhbnRpY2FsbHkgc2VhcmNoaW5nIGZvciB3aGF0J3MgZ29pbmcgb24gaW4gQnJhemlsPyAgT3IsIHNpbmNlIHRoZSBhbW91bnQgb2YgaW5mb3JtYXRpb24gY29taW5nIG91dCBvZiBTb3V0aCBBbWVyaWNhIGlzIGEgZnJhY3Rpb24gb2YgdGhlIFdlc3Rlcm4gd29ybGQsIGFyZSBoZWRnZSBmdW5kcyBhbmQgc3BlY3VsYXRvcnMgdHJ5aW5nIHRvIGdldCBhIGxlZyB1cD8KCldoYXQncyB0aGUgcG9pbnQ/ICBJJ20gbm90IGEgZG9jdG9yIGJ1dCBJIHJlY2FsbCB0aGUgMjAxNiBTdW1tZXIgT2x5bXBpY3Mgd2hlcmUgQnJhemlsIGNvdWxkbid0IGtlZXAgYWxnYWUgZnJvbSBncm93aW5nIGluIGEgcG9vbC4gIAoKKiBodHRwczovL3F6LmNvbS83NTUxNjQvd2h5LWRpZC10aGUtb2x5bXBpYy1kaXZpbmctcG9vbC10dXJuLWdyZWVuLwoKRGVzcGl0ZSB5ZWFycyBvZiBwcmVwYXJhdGlvbiAoaS5lLiwga25vd2luZyB0aGUgT2x5bXBpY3Mgd2VyZSBjb21pbmcpLCBldmVudCBvcmdhbml6ZXJzIGNvdWxkbid0IGtlZXAgYWxnYWUgZnJvbSBncm93aW5nIGluIGFuIG91dGRvb3IgcG9vbCBmb3IgdHdvIHdlZWtzLiAgRG8geW91IHRoaW5rIHRoZXkgYXJlIHByZXBhcmVkIHRvIGhhbmRsZSBhbiBlcGlkZW1pYz8gIEkgaG9wZSBzbyBiZWNhdXNlIHRoZXNlIGFyZSBwZW9wbGUgd2UncmUgdGFsa2luZyBhYm91dC4gIEhvcGluZyBmb3IgbWluaW1hbCBxdWFyYW50aW5lcyBhbmQgc3BlZWR5IHJlY292ZXJpZXMsIGJ1dCBoZWRnaW5nIGFnYWluc3QgZG93bnNpZGUuCgoqKlBvc2l0aW9ucyoqCgpodHRwczovL2ltZ3VyLmNvbS9hL3J1RmtPUloKClRyYWRlIHNtYXJ0IGFuZCB0YWtlIHByb2ZpdHMu,MTU4Mjk0NTgxNi4w
Q2FsbCB2cyBQdXQgU3ByZWFkIFByaWNlIERpc2NyZXBhbmNpZXM=,OQ==,SGFzIGFueW9uZSBub3RpY2VkIGJ1eWluZyBhIHB1dCBkZWJpdCBzcHJlYWQgaXMgd2F5IGNoZWFwZXIgdGhhbiBhIGNhbGwgc3ByZWFkIHRoYXQgaXMgdGhlIHNhbWUgYW1vdW50IGluIHRoZSBNb25leSB2cyBPdXQgb2YgdGhlIG1vbmV5PyBJcyB0aGlzIGFuIGF3ZXNvbWUgYXJiaXRyYWdlIG9wcG9ydHVuaXR5PyBJJ3ZlIG1hZGUgc29tZSBuaWNlIHRlbmRpZXMgc2VsbGluZyBkYWlseSBjYWxsIGNyZWRpdCBzcHJlYWRzIG9uIHRoaXMgc2xlZCByaWRlIGRvd24gYW5kIG5vdyB0cmFuc2l0aW9uZWQgdG8gcHV0IERlYml0IHNwcmVhZHMgd2l0aHMgc3RyaWtlcyAkMSBhcGFydC4gVGhlc2UgY29udHJhY3RzIGV4cGlyaW5nIE1vbmRheSBhcmUgbm93IHdvcnRoIGxpa2UgJDQwIGVhY2ggd2hlbiBJIHdvdWxkIGV4cGVjdCB0aGVtIHRvIGJlIGF0IGxlYXN0IDUwLTYwKyB3aGlsZSBPVE0gY2FsbCBzcHJlYWRzIHdpdGggc3RyaWtlcyAkMSBhcGFydCBhcmUgYWxzbyBnb2luZyBmb3IgdGhlIHNhbWUgcHJpY2UuCgpUTERSOiBBcmUgTU0gcHJpY2luZyBvcHRpb25zIGV4cGVjdGluZyBhbiBpbW1lZGlhdGUgcmVjb3Zlcnk/CgpFZGl0IDE6IFRoZXNlIGFyZSBhbGwgU1BZIG9wdGlvbnM=,MTU4Mjk0NDY2My4w
TE9PT09PTkcgQ09TVENP,NTA=,KipUTERSOioqIENvc3RjbydzIHByaWNlIGhhcyBiZWVuIGJhdHRlcmVkIGJ5IHRoZSBwYXN0IHdlZWssIEJVVCBpdCBmYWNlcyBhbiBleHRyZW1lIHBvc2l0aXZlIGRlbWFuZCBzaG9jayB3aXRoIGNvcm9uYXZpcnVzIHByZXBwaW5nIG5leHQgbW9udGgsIGFuZCBhbW9uZyByZXRhaWxlcnMgaXRzIHN1cHBseSBjaGFpbnMgYXJlIHJlbGF0aXZlbHkgaW5zdWxhdGVkIGZyb20gQ2hpbmVzZSBzdXBwbHkgc2hvcnRhZ2VzLiBDb3N0Y28gaXMgd2VsbCBwb3NpdGlvbmVkIHRvIG91dHBlcmZvcm07IGJ1eSBhbmQgaG9sZC4KClwtLS0tLS0tLS0tLS0tLS0tLS0tLS0tLS0tLS0tLS0tLS0tLS0tLS0tLS0tLS0tLS0tLS0tLS0tLS0tLS0tLS0tLS0tLS0tLS0KCk9rYXkgYnVkZHkgcmV0YXJkcywgaGFwcHkgRnJpZGF5LiBJdCdzIGJlZW4gYSBbbG9vb29uZ10oaHR0cHM6Ly9pbWd1ci5jb20vYS9GQTJURGFBKSB3ZWVrIGZvciAqI2J1bGxnYW5nKiBeKChwdW4gaW50ZW5kZWQpKSBidXQgYm95IGRvIEkgaGF2ZSB0aGUgYnV5IGZvciB5b3UgcmlnaHQgbm93OiAqKkNPU1RDTyoqLgoKKipBbGwgdGhlIGRvb20gYW5kIGdsb29tIGluIHRoZSBuZXdzIGlzIHNwYXJraW5nIGEgbWFzc2l2ZSB3YXZlIG9mIHBhbmljIHByZXBwaW5nLioqIEEgdG9wIHBvc3Qgb24gci9Db3JvbmF2aXJ1cyByaWdodCBub3cgaXMgdGl0bGVkIFtUaGUgUmVhc29uIFlvdSBTdG9ja3BpbGUgRm9vZCBhbmQgQmFzaWNzXShodHRwczovL3d3dy5yZWRkaXQuY29tL3IvQ29yb25hdmlydXMvY29tbWVudHMvZmFzaWdtL3RoZV9yZWFzb25feW91X3N0b2NrcGlsZV9mb29kX2FuZF9iYXNpY3MvKS4gQWNjb3JkaW5nIHRvIFtTdWJyZWRkaXQgU3RhdHNdKGh0dHBzOi8vc3VicmVkZGl0c3RhdHMuY29tL3IvcHJlcHBlcnMpLCByL3ByZXBwZXJzIGhhcyBzZWVuIGEgcm91Z2hseSAxMHggaW5jcmVhc2UgaW4gY29tbWVudCB2b2x1bWUsIHdpdGggdGhlIGxvd2VzdCBDb21tZW50cy9EYXkgcmFuayBpbiBpdHMgaGlzdG9yeSAoYmVhdGluZyB0aGUgcHJldmlvdXMgbG93IG9uIFNlcHQgMjYgd2hlbiBbdGhlIElyYW5pYW4gcHJlc2lkZW50IHdhcm5lZCBhICdzaW5nbGUgYmx1bmRlcicgY291bGQgdHJpZ2dlciB3YXJdKGh0dHBzOi8vYXBuZXdzLmNvbS8zMGM2MTJhZDcwYTg0M2I0YjQwYzE1MDc4OWJiNTNjNSkpLiAqKkdyb2Nlcnkgc3RvcmVzIGhhdmUgYWxyZWFkeSBiZWVuKiogWyoqRU1QVElFRCoqXShodHRwczovL3d3dy55b3V0dWJlLmNvbS93YXRjaD92PXpDWGo4Y0xoa0JnKSBpbiBtdWx0aXBsZSBDb3JvbmF2aXJ1cy1zdHJpY2tlbiBjb3VudHJpZXMsIFtpbmNsdWRpbmcgSXRhbHldKGh0dHBzOi8vd3d3LmJ1c2luZXNzaW5zaWRlci5jb20vaXRhbHktY29yb25hdmlydXMtc3VyZ2Utc3RvY2stdXAtc3VwcGxpZXMtc3VwZXJtYXJrZXRzLXBob3Rvcy0yMDIwLTIpLCBbQ2hpbmFdKGh0dHBzOi8vd3d3LnNjbXAuY29tL2Vjb25vbXkvY2hpbmEtZWNvbm9teS9hcnRpY2xlLzMwNTE3MzcvY29yb25hdmlydXMtaGl0cy1jaGluYXMtZmFybXMtYW5kLWZvb2Qtc3VwcGx5LWNoYWluLWZ1cnRoZXIpLCBhbmQgW0lyYW5dKGh0dHBzOi8vd3d3LmZ0LmNvbS9jb250ZW50LzQ2MDg0MTAwLTU3MGYtMTFlYS1hNTI4LWRkMGY5NzFmZWJiYykuIEFuZCBXZWxscyBGYXJnbyBhbmFseXN0cyBhcmUgc2F5aW5nIHRoYXQgWyoqVS5TLiByZXRhaWxlcnMgY291bGQgc2VlIHNvbWUgZW1wdHkgc2hlbHZlcyBieSBtaWQtQXByaWwqKl0oaHR0cHM6Ly93d3cubmJjbmV3cy5jb20vYnVzaW5lc3MvY29uc3VtZXIvdS1zLWNvdWxkLXNlZS1zb21lLWVtcHR5LXNoZWx2ZXMtbWlkLWFwcmlsLWlmLW4xMTQ0MzUxKS4KClNvIHdoZXJlIHdvdWxkIHlvdXIgYXZlcmFnZSBKb2UgZ28gdG8gYnV5IFthIHBhbGxldCBvZiAxODcyIGJvdHRsZXMgb2Ygd2F0ZXJdKGh0dHBzOi8vd3d3LmNvc3Rjby5jb20vbmVzdGwlYzMlYTktcHVyZS1saWZlLWJvdHRsZWQtd2F0ZXItcGFsbGV0LTE2LjktZmwuLW96JTJjLTI0LWJvdHRsZXMtcGVyLWNhc2UlMmMtNzgtY2FzZXMucHJvZHVjdC4xMDAxMDczMjQuaHRtbCksIFs4IHBvdW5kcyBvZiBjaGlja2VuIGJvdWlsbG9uXShodHRwczovL3d3dy5jb3N0Y28uY29tL2tub3JyLWNoaWNrZW4tYm91aWxsb24lMmMtNy45LWxicy5wcm9kdWN0LjEwMDM5Nzg4OC5odG1sKSwgb3IgWzI3NiBzZXJ2aW5ncyBvZiBmcmVlemUtZHJpZWQgTW96YXJlbGxhIGNoZWVzZV0oaHR0cHM6Ly93d3cuY29zdGNvLmNvbS9udXRyaXN0b3JlLWZyZWV6ZS1kcmllZC1tb3p6YXJlbGxhLWNoZWVzZS0yNzYtc2VydmluZ3MucHJvZHVjdC4xMDA1NzkzOTAuaHRtbCk/CgpUaGF0J3MgUklHSFQsIFlPVSBTVFVQSUQgU0xVVFMuCgoqKkNPU1RDTy4qKiBBcyBhIHRlc3RhbWVudCB0byB0aGUgZGVtYW5kLCB0aGVpciBbMzkwLXNlcnZpbmcgbW9udGhseSBidWNrZXQgb2YgZW1lcmdlbmN5IGZvb2QgaXMgYWxyZWFkeSBzb2xkIG91dF0oaHR0cHM6Ly93d3cuY29zdGNvLmNvbS9lbWVyZ2VuY3ktZm9vZC1hcmstMS1tb250aC1zdXBwbHktMzkwLXNlcnZpbmdzLXdpdGgtZ2FtbWEtbGlkLnByb2R1Y3QuMTAwMTAyMDMzLmh0bWwpLgoKV2FpdCEgQnV0IHdoYXQgYWJvdXQgdGhlIHN1cHBseSBjaGFpbiBwcm9ibGVtcz8gQWNjb3JkaW5nIHRvIFdlbGxzIEZhcmdvLCAqKkNvc3RjbydzIHN1cHBseSBjaGFpbiBpcyBzaWduaWZpY2FudGx5IGxlc3MgZGVwZW5kZW50IG9uIENoaW5hIHRoYW4gb3RoZXIgcmV0YWlsZXJzKiosIHN1Y2ggYXMgQmVzdCBCdXkgYW5kIE1pY2hhZWwncy4gVGhlcmUgY291bGQgYmUgaXNzdWVzIHdpdGggcGFja2FnaW5nIG1hdGVyaWFscywgYnV0IHRoYXQgc2VlbXMgbGlrZSB0aGUgbGVhc3Qgb2Ygb3VyIHdvcnJpZXMgaW4gdGhlIGZhY2Ugb2YgdGhlIGNvcm9uYXZpcnVzLiBDb3N0Y28gW2hhZCBhbHJlYWR5IGJlZ3VuIHRvIG1vdmUgaXRzIHN1cHBseSBjaGFpbnMgYXdheSBmcm9tIENoaW5hIGZvciB0aGUgdHJhZGUgd2FyXShodHRwczovL2ZvcnR1bmUuY29tLzIwMTkvMTEvMTUvY29zdGNvLXRhcmlmZnMtdXMtY2hpbmEtdHJhZGUtd2FyLykuIFdoZW4gdGhlIHNob3J0YWdlcyBjb21lLCBDb3N0Y28gd2lsbCBsaWtlbHkgYmUgb25lIG9mIHRoZSBsYXN0IHJldGFpbGVycyB0byBydW4gb3V0Lg==,MTU4Mjk0MzI4MC4w
R29vZCBtb3JuaW5nIHRvIG15IGZlbGxvdyBzdG9jayBtYXJrZXQgZ2VudWlzZXM=,NTI=,SSBsb2NrZWQgW3RoZXNlXShodHRwczovL2ltZ3VyLmNvbS9hL1I4QlN6aXopIHByb2ZpdHMgaW4gdGhpcyBtb3JuaW5nLiBUaGlzIGlzIG15IFthbGwgdGltZV0oaHR0cHM6Ly9pbWd1ci5jb20vYS9lMU5Mb1ozKSBub3cuIFN0YXkgZ3JlZW4hISEhISEhISEhISBJdCdzIGdvb2QgZm9yIHRoZSBlbnZpcm9ubWVudC4gSG9wZWZ1bGx5IHRoZSByZXN0IG9mIHlvdSBtYWtlIG1vbmV5IHRvZGF5IGFsc28u,MTU4Mjk0MjQ4My4w
SVYgU2NyZWVuZXI=,NDI=,QWxyaWdodCBhdXRpc3RzLCBpZiB5b3UgaGF2ZSBBTlkgdW5kZXJzdGFuZGluZyB0byBob3cgb3B0aW9uIHByaWNpbmcgd29ya3MsIHRoZXJlJ3MgYSB2ZWdhIGNvbXBvbmVudCwgd2hpY2ggbWVhbnMgYXMgYSBzdG9jayBnZXRzIG1vcmUgdm9sYXRpbGUgKHVzdWFsbHkgdm9sYXRpbGl0eSBpbmNyZWFzZXMgZHVyaW5nIGRyb3BzKSwgdGhlIG9wdGlvbnMgYmVjb21lIG1vcmUgZXhwZW5zaXZlLiAKClRvIGFueW9uZSBsb29raW5nIGZvciBjaGVhcCBwdXRzIHdpdGhvdXQgYSBCbG9vbWJlcmcgb3IgYmF0Y2ggZG93bmxvYWRlciwgaGVyZSdzIGEgcmVzb3VyY2UgeW91IGNhbiB1c2UuIAoKIFtodHRwczovL3d3dy5iYXJjaGFydC5jb20vb3B0aW9ucy9oaWdoZXN0LWltcGxpZWQtdm9sYXRpbGl0eS9zdG9ja3NdKGh0dHBzOi8vd3d3LmJhcmNoYXJ0LmNvbS9vcHRpb25zL2hpZ2hlc3QtaW1wbGllZC12b2xhdGlsaXR5L3N0b2NrcykgCgpPYmxpZ2F0b3J5IERBTCBQJDM1IDQvMTc=,MTU4Mjk0MDkzMS4w
SGFydmFyZCBNZWRpY2FsIC0gRXZlcnl0aGluZyB5b3UgbmVlZCB0byBrbm93IGFib3V0IENvcm9uYQ==,NDQ=,SW4gYmVpbmcgRVhUUkVNRUxZIENhcmVmdWwgaGVyZSBmb2xrcy4uLiBUaGlzIGlzIG5vdCBhIHBvc3QgUFJPIG9yIENPTiBvbiBDb3JvbmEgb3IgYW55IHNwZWNpZmljIHN0b2NrLiAgVGhpcyBpcyBIYXJ2YXJkIE1lZGljYWwncyBDb3JvbmEgRkFRLiAgKFRIQU5LIFlPVSBIQVJWQVJEKSBVc2UgYWNjb3JkaW5nbHkgdG8gbWFrZSB5b3VyIEJ1bGwgYW5kIEJlYXIgcGxheXMuICBJbiBiZWluZyByZXNwZWN0ZnVsIHRvIEhhcnZhcmQgcGxlYXNlIHVzZSB0aGUgc2l0ZSBkaXJlY3RseS4uIEkndmUgdGFrZW4gYSBmZXcgc3VtbWFyeSBwb2ludHMgZm9yIHRoZSBzaG9ydCByZWFkLgoKW2h0dHBzOi8vd3d3LmhlYWx0aC5oYXJ2YXJkLmVkdS9ibG9nL2FzLWNvcm9uYXZpcnVzLXNwcmVhZHMtbWFueS1xdWVzdGlvbnMtYW5kLXNvbWUtYW5zd2Vycy0yMDIwMDIyNzE5MDA0XShodHRwczovL3d3dy5oZWFsdGguaGFydmFyZC5lZHUvYmxvZy9hcy1jb3JvbmF2aXJ1cy1zcHJlYWRzLW1hbnktcXVlc3Rpb25zLWFuZC1zb21lLWFuc3dlcnMtMjAyMDAyMjcxOTAwNCkKCnRoZSB2aXJ1cyBjYW4gc3ByZWFkIGZyb20gb25lIHBlcnNvbiB0byBhbm90aGVyLCBtb3N0IGxpa2VseSB0aHJvdWdoICBkcm9wbGV0cyBvZiBzYWxpdmEgb3IgbXVjdXMgY2FycmllZCBpbiB0aGUgYWlyIGZvciB1cCB0byBzaXggZmVldCBvciBzbyAgd2hlbiBhbiBpbmZlY3RlZCBwZXJzb24gY291Z2hzIG9yIHNuZWV6ZXMsIG9yIHRocm91Z2ggdmlyYWwgcGFydGljbGVzICB0cmFuc2ZlcnJlZCB3aGVuIHNoYWtpbmcgaGFuZHMgb3Igc2hhcmluZyBhIGRyaW5rIHdpdGggc29tZW9uZSB3aG8gaGFzICB0aGUgdmlydXMuCgpBbiAgaW5jdWJhdGlvbiBwZXJpb2QgaXMgdGhlIHRpbWUgYmV0d2VlbiBjYXRjaGluZyBhbiBpbGxuZXNzIGFuZCBzaG93aW5nICBzeW1wdG9tcyBvZiB0aGUgaWxsbmVzcy4gQ3VycmVudCBlc3RpbWF0ZXMgc3VnZ2VzdCB0aGF0IHN5bXB0b21zIG9mICBDT1ZJRC0xOSB1c3VhbGx5IGFwcGVhciB3aXRoaW4gYXJvdW5kIGZpdmUgZGF5cyBvciBsZXNzIGluIG1vc3QgY2FzZXMsICBidXQgdGhlIHJhbmdlIGNvdWxkIGJlIGJldHdlZW4gb25lIGFuZCAxNCBkYXlzLgoKRmV2ZXIsICBkcnkgY291Z2gsIHRyb3VibGUgYnJlYXRoaW5nLCBhbmQgc29tZXRpbWVzIHBuZXVtb25pYSBhcmUgdGhlIGNvbW1vbiAgc3ltcHRvbXMgb2YgQ09WSUQtMTkuIFRoZXJlIGhhdmUgYmVlbiBzb21lIHJlcG9ydHMgb2YgZ2FzdHJvaW50ZXN0aW5hbCAgc3ltcHRvbXMgKG5hdXNlYSwgdm9taXRpbmcsIG9yIGRpYXJyaGVhKSBiZWZvcmUgcmVzcGlyYXRvcnkgc3ltcHRvbXMgIG9jY3VyLCBidXQgdGhpcyBpcyBsYXJnZWx5IGEgcmVzcGlyYXRvcnkgdmlydXMuCgpUaG9zZSB3aG8gaGF2ZSB0aGUgIHZpcnVzIG1heSBoYXZlIG5vIG9idmlvdXMgc3ltcHRvbXMgKGJlIGFzeW1wdG9tYXRpYykgb3Igc3ltcHRvbXMgIHJhbmdpbmcgZnJvbSBtaWxkIHRvIHNldmVyZS4gSW4gc29tZSBjYXNlcywgdGhlIHZpcnVzIGlzICBsaWZlLXRocmVhdGVuaW5nIG9yIGZhdGFsLgoKTm8gdmFjY2luZSBpcyBhdmFpbGFibGUsIGFsdGhvdWdoIHNjaWVudGlzdHMgYXJlIHdvcmtpbmcgb24gdmFjY2luZXMuIEluIDIwMDMsIHNjaWVudGlzdHMgdHJpZWQgdG8gZGV2ZWxvcCBhIHZhY2NpbmUgdG8gcHJldmVudCBbU0FSU10oaHR0cHM6Ly93d3cuY2RjLmdvdi9zYXJzL2Fib3V0L2ZzLXNhcnMuaHRtbCkgYnV0IHRoZSBlcGlkZW1pYyBlbmRlZCBiZWZvcmUgdGhlIHZhY2NpbmUgY291bGQgZW50ZXIgY2xpbmljYWwgdHJpYWxzLgoKQ3VycmVudGx5ICB0aGVyZSBpcyBubyBzcGVjaWZpYyBhbnRpdmlyYWwgdHJlYXRtZW50IGZvciB0aGlzIG5ldyBjb3JvbmF2aXJ1cy4gIFRyZWF0bWVudCBpcyB0aGVyZWZvcmUgc3VwcG9ydGl2ZSwgd2hpY2ggbWVhbnMgZ2l2aW5nIGZsdWlkcywgbWVkaWNpbmUgIHRvIHJlZHVjZSBmZXZlciwgYW5kLCBpbiBzZXZlcmUgY2FzZXMsIHN1cHBsZW1lbnRhbCBveHlnZW4uIFBlb3BsZSB3aG8gIGJlY29tZSBjcml0aWNhbGx5IGlsbCBmcm9tIENPVklELTE5IG1heSBuZWVkIGEgcmVzcGlyYXRvciB0byBoZWxwIHRoZW0gIGJyZWF0aGUuIEJhY3RlcmlhbCBpbmZlY3Rpb24gY2FuIGNvbXBsaWNhdGUgdGhpcyB2aXJhbCBpbmZlY3Rpb24uICBQYXRpZW50cyBtYXkgcmVxdWlyZSBhbnRpYmlvdGljcyBpbiBjYXNlcyBvZiBiYWN0ZXJpYWwgcG5ldW1vbmlhIGFzIHdlbGwgIGFzIENPVklELTE5LgoKQSAgc3BlY2lhbGl6ZWQgdGVzdCBtdXN0IGJlIGRvbmUgdG8gY29uZmlybSB0aGF0IGEgcGVyc29uIGhhcyBDT1ZJRC0xOS4gIE1vc3QgdGVzdGluZyBpbiB0aGUgVVMgaGFzIGJlZW4gcGVyZm9ybWVkIGF0IHRoZSBDREMuIEhvd2V2ZXIsIHRoZSBnb2FsICBpcyB0byBzZW5kIHRlc3Qga2l0cyB0byBzdGF0ZSBsYWJvcmF0b3JpZXMgc28gdGVzdGluZyBjYW4gYmUgcGVyZm9ybWVkICBsb2NhbGx5LgoKQXMgb2YgIEZlYnJ1YXJ5IDI1LCAyMDIwLCB0aGUgcmVwb3J0ZWQgY29uZmlybWVkIGNhc2VzIGFuZCBkZWF0aHMgaW4gQ2hpbmEgIHN1Z2dlc3QgdGhlIG1vcnRhbGl0eSByYXRlIGlzIHJvdWdobHkgMyUuIEl0IGlzIGltcG9ydGFudCB0byByZW1lbWJlciAgdGhhdCBlYXJseSBvbiBpbiBhbiBlcGlkZW1pYyB0aGVyZSBpcyBhIOKAnHRpcCBvZiB0aGUgaWNlYmVyZ+KAnSBwaGVub21lbm9uICB3aGVyZSB3ZSBvdmVyZXN0aW1hdGUgbW9yZSBzZXZlcmUgY2FzZXMgYW5kIG1pbGQgb3IgYXN5bXB0b21hdGljIGNhc2VzICBnbyB1bnJlY29nbml6ZWQsIHNvIHRoZSBtb3J0YWxpdHkgc2VlbXMgaGlnaGVyIHRoYW4gdGhlIHJlYWxpdHkuIFRoYXQgIG1heSBiZSBoYXBwZW5pbmcgd2hlbiB3ZSBzcGVhayBvZiB1cCB0byAzJSBtb3J0YWxpdHkuIEJ5IGNvbnRyYXN0LCBTQVJTICBoYWQgYSBtb3J0YWxpdHkgcmF0ZSBvZiBhcm91bmQgMTAlOyB0aGUgTUVSUyBtb3J0YWxpdHkgcmF0ZSBpcyBjbG9zZXIgdG8gIDMwJSB0byA0MCUuIFRoZXJlIGFwcGVhciB0byBiZSBtYW55IG1vcmUgQ09WSUQtMTkgY2FzZXMgY29uZmlybWVkIHRoYW4gIHRoZXJlIHdlcmUgd2l0aCBTQVJTIGFuZCBNRVJTLg==,MTU4Mjk0MDI1OC4w
JE5JTyBFYXJuaW5ncyAzLzM=,MTQ=,TklPIHNlZW1zIHRvIGhhdmUgYmVlbiBwcm9wcGVkIHVwIHJlY2VudGx5IGJ5IGEgdmFndWUgJDEuNCBiaWxsaW9uIGJhaWxvdXQgYnkgbG9jYWwgQ2hpbmVzZSBnb3YndC4gQmVmb3JlIHRoaXMgbmV3cyB0aGV5IHdlcmUga25vd24gZm9yIG1pc3NpbmcgcGF5cm9sbCwgaGF2aW5nIHNpbWlsYXIgY2FzaCBpbmZ1c2lvbnMgZ2V0IG5peGVkIGZyb20gYmlsbGlvbnMgZG93biB0byB3aGF0IGFtb3VudHMgdG8gbm90aGluZyB3aGVuIGNvbXBhcmVkIHRvIHRoZSBhbW91bnQgb2YgY2FzaCB0aGV5IGJ1cm4gZXZlcnkgcXVhcnRlci4gTm93IHBhaXIgdGhpcyB3aXRoIENoaW5lc2UgYXV0byBtYXJrZXQgcGVyZm9ybWluZyBob3JyaWJseSBiZWZvcmUgQ29yb25hdmlydXMsIGFuZCBub3cgYmVpbmcgc2xhdWdodGVyZWQgYXMgd29ya2VycyAvIHByb2R1Y3Rpb24gaGFzIGJlZW4gYWxsIGJ1dCBoYWx0ZWQgb3ZlciB0aGUgcGFzdCBmZXcgbW9udGhzLiBZZXQgTklPIGNvbnRpbnVlcyB0byBob2xkIG5lYXIgJDQsIHF1aWNrbHkgcmVib3VuZGluZyBhbnl0aW1lIGl0IGZhbGxzIGJlbG93LCBpZ25vcmluZyBib3RoIFVTIGFuZCBDaGluZXNlIGluZGV4IHRyZW5kcywgaXQgZG9lc24ndCBhZGQgdXAuIEknbSBleHBlY3RpbmcgdGhlIHJ1ZyB0byBiZSBwdWxsZWQgb24gbmFpdmUgaW52ZXN0b3JzIE1vbmRheSBtb3JuaW5nIGFuZCB3aWxsIHByb3ZpZGUgc291cmNlcyBiZWxvdzoKCgokMS40IGJpbCBCYWlsb3V0IC0gaHR0cHM6Ly9maW5hbmNlLnlhaG9vLmNvbS9uZXdzL25pby1zb2Fycy1jaGluYS1nb3Zlcm5tZW50LWRlYWwtMTM0NTAxNTA3Lmh0bWwKCgpNaXNzaW5nIHBheXJvbGwgLSBodHRwczovL3d3dy5ibG9vbWJlcmcuY29tL25ld3MvYXJ0aWNsZXMvMjAyMC0wMi0xMy9zdHJ1Z2dsaW5nLW5pby1kZWxheXMtc2FsYXJ5LXBheW1lbnRzLWJlY2F1c2Utb2YtY29yb25hdmlydXMKCkJ1cm5pbmcgdGhyb3VnaCBjYXNoIC0gaHR0cHM6Ly93d3cuZm9vbC5jb20vaW52ZXN0aW5nLzIwMjAvMDEvMjYvbmlvLXNhbGVzLWFyZS1zdHJvbmctYnV0LWNhc2gtaXMtZHdpbmRsaW5nLmFzcHgKCkJ1cm5pbmcgdmVoaWNsZXMgLSBodHRwczovL3d3dy5nb29nbGUuY29tL3NlYXJjaD9xPW5pbytjYXIrZmlyZSZ0Ym09aXNjaCZzeHNyZj1BTGVLazAxaWNPOXVVOVF2WVNOamcxWnFiWDF3RzN5ME9nOjE1ODI5MDk4MzcyODUmc291cmNlPWxubXMmc2E9WCZ2ZWQ9MGFoVUtFd2phaE1EVTN2VG5BaFZsVWQ4S0hiNDdDQXdRX0FVSUN5Z0MmYml3PTE1MDQmYmloPTg5MiZkcHI9MS41CgpNYW55IHVwc2V0IGVtcGxveWVlcyBvbiBnbGFzc2Rvb3IgLSBodHRwczovL2kuaW1ndXIuY29tL1pLQmgzV1YucG5nCgpDaGluZXNlIGF1dG8gbWFya2V0IC0gaHR0cHM6Ly93d3cubWFya2xpbmVzLmNvbS9lbi9zdGF0aXN0aWNzL2ZsYXNoX3NhbGVzL3NhbGVzZmlnX2NoaW5hXzIwMTk=,MTU4MjkzOTIzOS4w
V0hPIHJhaXNlcyBnbG9iYWwgcmlzayBmcm9tIEhpZ2ggdG8gVmVyeSBIaWdo,MTM0,VGhpcyBpc24ndCBvdmVyIHlldCBndXlzLiBJIGFtIHN1cmUgbWFya2V0IGdvbm5hIGJlIFJlZCBvbiBNb25kYXkgdG9vLiAgCgoKU291cmNlIDogW2h0dHBzOi8vYWJjbmV3cy5nby5jb20vSW50ZXJuYXRpb25hbC9mZGEtcmVwb3J0cy0xc3QtZHJ1Zy1zaG9ydGFnZS1kdWUtY29yb25hdmlydXMtb3V0YnJlYWsvc3Rvcnk/aWQ9NjkyNzY0OTBdKGh0dHBzOi8vYWJjbmV3cy5nby5jb20vSW50ZXJuYXRpb25hbC9mZGEtcmVwb3J0cy0xc3QtZHJ1Zy1zaG9ydGFnZS1kdWUtY29yb25hdmlydXMtb3V0YnJlYWsvc3Rvcnk/aWQ9NjkyNzY0OTAp,MTU4MjkzOTE0MC4w
VGhhdCBtaWxsaW9uIGRvbGxhciBTUFkgc2hvcnQgdHJhZGUgZnJvbSBhIG1vbnRoIGFnbyBkb2Vzbid0IGxvb2sgc28gc3R1cGlkIG5vdywgZG9lcyBpdD8=,NDk0,,MTU4MjkzOTA2OC4w
V2h5IFB1dHMgb24gSkQgaXMgdGhlIE1vdmU6IEREIEluY2x1ZGVk,NDM=,SWYgeW91IHRha2UgYSBsb29rIGF0IHRoZSBTJlA1MDAsIHRoZSBpbmRleCBoYXMgZmFsbGVuIGFwcHJveC4gMTAlIGluIHRoZSBwYXN0IG1vbnRoLiBDb21wYXJhdGl2ZWx5LCBBbWF6b24gd2hvIGlzIGFuIGVjb21tZXJjZSBnaWFudCB3aXRoIHRoZSBtYWpvcml0eSBvZiBpdHMgc2FsZXMgYmVpbmcgVVMgYmFzZWQgaGFzIGZhbGxlbiA3JS4gS2VlcCBpbiBtaW5kIFRISVMgSVMgVEhFIFVTICAKCgpKRCBvbiB0aGUgb3RoZXIgaGFuZCwgaGFzIHRoZSBtYWpvcml0eSBvZiBpdHMgc2FsZXMgaW4gR1lOQSBoYXMgb25seSBmYWxsZW4gc3ViIDEtMiUgaW4gdGhlIHBhc3Qgd2VlayBkZXNwaXRlIGJlaW5nIGxvY2F0ZWQgaW4gYmF0IHNvdXAgbGFuZC4uLiBQRSBpcyBhIHJvY2tldCBoaWdoIFx+MTAwLi4uICAgCgoKUHJpY2VkIGZvciBleHRyYW9yZGluYXJ5IGdyb3d0aCBpbiB0aGUgbWlkc3Qgb2YgYSBxdWFyYW50aW5lIG9mIG1pbGxpb25zIGFuZCBncm93aW5nLi4gSWYgdGhhdCBkb2Vzbid0IHNvdW5kIGF1dGlzdGljIHRvIHlvdSwgdGhlbiBJJ20gbm90IHN1cmUgd2hhdCBpcy4gIAoKCk9uIHRvcCBvZiB0aGlzLCBwZW9wbGUgZm9yZ2V0IFJpY2hhcmQgTGl1LCB0aGUgQ0VPIG9mIEpEIHdhcyB0aGUgb25lIHdpdGggcmFwZSBhbGxlZ2F0aW9ucyBzZW5kaW5nIHRoZSBzdG9jayBwcmljZSB0byAkMjAgW2h0dHBzOi8vd3d3Lm55dGltZXMuY29tLzIwMTgvMDkvMDQvdGVjaG5vbG9neS9qZGNvbS1yaWNoYXJkLWxpdS1hcnJlc3QtcmFwZS5odG1sXShodHRwczovL3d3dy5ueXRpbWVzLmNvbS8yMDE4LzA5LzA0L3RlY2hub2xvZ3kvamRjb20tcmljaGFyZC1saXUtYXJyZXN0LXJhcGUuaHRtbCkgIAoKCkpEIGhhcyBkb3VibGVkIGluIHByaWNlIHNpbmNlIHRoZW4gYW5kIHdpdGggdGhlIGN1cnJlbnQgdmFsdWF0aW9ucyAob3IgZGVjbGluZSB0aGVyZW9mKSAgc2hvdWxkIGhpdCBKRCBsaWtlIGEgc3Rvcm0uIEpEIDM4cCAzLzYncyBhcmUgdGhlIG1vdmUuIEZ1bGwgZGlzY2xvc3VyZTogSSBoYXZlIHB1dHM=,MTU4MjkzODk2My4w
QmxhY2sgTW9uZGF5,MTgy,VGhlIEx1bmNoIHRpbWUgYnVsbCByYWxseSBhbHJlYWR5IGVuZGVkIGZyb20gdGhlIEVhc3QgQ29hc3QgYSBMT1QgZmFzdGVyIHRoZW4geWVzdGVyZGF5CgpIb2xkIHlvdXIgUHV0cyBmYW0KCgpXZXJlIGdvbm5hIGJlIHNlZWluZyB0aGUgU1BZIHVuZGVyIFRvZGF5J3MgbG93IG9mICQyODUuNTkKCmFuZCB3ZXJlIG1vcmUgdGhhbiBsaWtlbHkgZ29pbmcgdG8gb3BlbiByZWQgb24gTW9uZGF5IHRvbwoKaG9sZCBvbiB0byB5b3VyIGhvcnNlcyByZXRhcmRzLCB0aGlzIHNoaXQgaXMgYWJvdXQgdG8gZ2V0IGJsb29kaWVyCgoqKlVwZGF0ZSAxOioqIEphcGFuJ3MgUHJpbWUgTWluaXN0ZXIgU2hpbnpvIEFiZSBvbiBXZWRuZXNkYXkgYXNrZWQgb3JnYW5pemVycyBvZiBsYXJnZSBzcG9ydGluZyBhbmQgY3VsdHVyYWwgZXZlbnRzIHNjaGVkdWxlZCBmb3IgdGhlIGNvbWluZyBtb250aHMgdG8gY29uc2lkZXIgY2FuY2VsaW5nIG9yIHBvc3Rwb25pbmcgdGhlIG9seW1waWNzCgoqKlVwZGF0ZSAyOioqIDIgQ29uZmlybWVkIGNhc2VzIGluIE1leGljbwoKKipVcGRhdGUgMzoqKiBQb3BlIG1pZ2h0IGhhdmUgdGhlIGJlZXI/CgoqKlVwZGF0ZSA0OioqIFRoaXMgV0lMTCBhZmZlY3QgdG9wIDUwMCBjb21wYW5pZXMgZm9yIFExIGFuZCBRMiBlYXJuaW5ncwoKKipVcGRhdGUgNToqKiBHb29nbGUgZW1wbG95ZWUgaW4gY2hpbmEgY29uZmlybWVkIHRvIGhhdmUgYmVlcg==,MTU4MjkzODU5Ny4w
Rm94IE5ld3MgaW50ZXJ2aWV3IG9mIG1hbiB3aG8gd2VudCB0aHJvdWdoIENvcm9uYSB2aXJ1cyBxdWFyYW50aW5lIHByb2Nlc3MgY291bGQgbm90IGhhdmUgZ29uZSBhbnkgd29yc2UgbG1hb29vb28=,OTIy,aHR0cHM6Ly90d2l0dGVyLmNvbS9hdHJ1cGFyL3N0YXR1cy8xMjMzNDIzNDM3Mjg2MjExNTg1P3M9MjAKCkZhdGhlciBjb3VnaHMgYWxsIG92ZXIgaGlzIGRhdWdodGVyLCBncmFicyBoZXIgd2F0ZXIgYm90dGxlIHRvIGhhdmUgYSBkcmluayBhbmQgaGFuZHMgaXQgYmFjay4gTG1hb29vb28gd2hhdCB0aGUgZnVja/CfmILwn6Sm4oCN4pmC77iP,MTU4MjkzODUyNi4w
U1BZIGNhbGwgYW5kIFNQWSBwdXQ=,NDA=,,MTU4MjkzNjcwNi4w
VW5pdGVkIEFpcmxpbmVzIHJlZHVjaW5nIHNlcnZpY2VzIHRvIEphcGFuLCBTb3V0aCBLb3JlYSBhbmQgU2luZ2Fwb3Jl,Njk=,V2hlcmUgYXJlIG15IEVXSiwgRVdZIGFuZCBVQUwgcHV0IGhvbGRlcnMgYXQ/IAoKW2h0dHBzOi8vd3d3LmZveG5ld3MuY29tL3RyYXZlbC91bml0ZWQtYWlybGluZXMtcmVkdWNpbmctc2VydmljZS1qYXBhbi1zb3V0aC1rb3JlYS1zaW5nYXBvcmUtY29yb25hdmlydXMtb3V0YnJlYWtdKGh0dHBzOi8vd3d3LmZveG5ld3MuY29tL3RyYXZlbC91bml0ZWQtYWlybGluZXMtcmVkdWNpbmctc2VydmljZS1qYXBhbi1zb3V0aC1rb3JlYS1zaW5nYXBvcmUtY29yb25hdmlydXMtb3V0YnJlYWsp,MTU4MjkzNzczMi4w
QW5udWFsIERvdyAyNWsgQmxvY2sgUGFydHkgVGhyZWFkIPCfjok=,MTkx,T2ZmaWNpYWwgcGV0aXRpb24gdG8gbWFrZSB0aGlzIGEgbmF0aW9uYWwgaG9saWRheS4gUGxlYXNlIGxlYXZlIHlvdXIgc2lnbmF0dXJlIGJlbG93IHRvIHNob3cgeW91ciBzdXBwb3J0IGFuZCB0ZWxsIHVzIHdoZXJlIHlvdSB3ZXJlIHdoZW4gdGhlIERvdyBKb25lcyBoaXQgdGhlIGdsb3Jpb3VzIDI1MDAwIHBvaW50IG1pbGVzdG9uZS4gTGV04oCZcyBtYWtlIHRoaXMgYSB5ZWFybHkgY2VsZWJyYXRpb24uIEhlbGwsIHRha2UgdGhlIHdpZmUgb3Iga2lkZGllcyBvdXQgZm9yIGEgY2VsZWJyYXRpb24gZGlubmVyIHRoaXMgd2Vla2VuZCBhdCBIb290ZXJzIHdpdGggYWxsIG9mIHlvdXIgbmV3bHkgZm91bmQgdGVuZGllcy4gU3VyZWx5LCB0aGV5IGNhbiBwYXNzIHRoaXMgdHJhZGl0aW9uIGRvd24gdG8gdGhlaXIgY2hpbGRyZW4gYW5kIGdyYW5kY2hpbGRyZW4gYXMgd2VsbC4KClRoYW5rcyBmb3IgbWFraW5nIGEgZGlmZmVyZW5jZSB5b3UgcGllY2VzIG9mIGdhcmJhZ2Ug8J+SnA==,MTU4MjkzNzcxNy4w
V2VsY29tZSB0byByL3dpcmVzdHJlZXRiZXRz,MzA2OA==,,MTU4MjkzNzE0MS4w
V2hlcmUgYXJlIHRoZSBUZW5kaWVzPw==,MjE2,,MTU4MjkzNjQ4NS4w
U2NhcmVkIE1vbmV5IERvbid0IE1ha2UgTW9uZXk=,MTI0NDY=,,MTU4MjkzNjM1My4w
QnVsbCBPdXRwb3N0IC0gWk0gREQ=,Mw==,Tm90IHJlYWR5IHRvIGdyYWIgeW91ciBhbmtsZXMsIHB1dCB5b3VyIGhlYWQgYmV0d2VlbiB5b3VyIGtuZWVzLCBhbmQgYmUgYSBiZWFyPyBSZWFkIG9uLgoKVGhlIHByaW1hcnkgdGVjaCBzdG9jayBwcm9maXRpbmcgZnJvbSBDT1ZJRC05IGlzIFpNLiBUaGV5IGhhdmUgdmlkZW8gIGNvbmZlcmVuY2UgYW5kIFZvSVAgc29mdHdhcmUsIGl0J3MgdGhlIG1hcmtldCBsZWFkZXIgaW4gcXVhbGl0eSBiZWNhdXNlICBTa3lwZSBhbmQgQ2lzY28gc3Vjay4gV2l0aCAxIGJpbGxpb24gcGVvcGxlIGluIENoaW5hIHVuZGVyIHF1YXJhbnRpbmUsICB0aGUgdmlydXMgaGFzIHN0YXJ0ZWQgdGhlIHdvcmxkJ3MgYmlnZ2VzdCBldmVyIGV4cGVyaW1lbnQgaW4gd29ya2luZyAgZnJvbSBob21lLiBQbGVudHkgb2YgYXJ0aWNsZXMgYWJvdXQgdGhpcywgeW91IGNhbiBHb29nbGUgaXQuCgpBbGwgd2VlaywgYXMgYWxsIHRlY2ggc3RvY2tzIGRyb3BwZWQgZHVlIHRvIHN1cHBseSBjaGFpbiBzY2FyZXMsIFpNICB3ZW50IHVwIDEwJS4gVGhleSd2ZSBiZWVuIG1vdmluZyBoYXJkIHNpbmNlIHRoZSBMdW5hciBOZXcgWWVhciBhbmQgaXQncyAgZ29pbmcgdG8gZ2V0IGJldHRlciBhcyBtb3JlIGFuZCBtb3JlIDFzdCB3b3JsZCBjb3VudHJpZXMgaGF2ZSBvdXRicmVha3MgYW5kIGxvY2sgIGRvd24gZW1wbG95ZWVzLiBFYXJuaW5ncyBhcmUgMy80LCB0aGUgc3RvY2sgaXMgZ29pbmcgdG8gZ28gdXAgdW50aWwgdGhlbiBhbmQgbGlrZWx5IHJpc2UgYWdhaW4gYWZ0ZXIgdGhlIGNhbGwsIHNpbmNlIHRoZXkgd2VyZSBvbiBhIHJ1biB1cCB0aWxsICB0aGUgY2xvc2luZyBkYXRlIGF0IDEvMjAu,MTU4MjkzNjMwNC4w
My43ayB0byAzN2sgaW4gYSB3ZWVr,MTU0,,MTU4MjkzNTMyMS4w
VGhlIFBvcGUgaXMgU2ljaywgVGhlIDIwMjAgT2x5bXBpY3MgYXJlIHJ1bW9yZWQgdG8gYmUgY2FuY2VsbGVkLCBhbmQgdGhlcmUgYXJlIG1vcmUgY2FzZXMgb2YgQ29yb25hIHRoYXQgYXJlIG1vcmUgdGhhbiBsaWtlbHkgZ29pbmcgdG8gYmUgcmVsZWFzZWQgdGhpcyB3ZWVrZW5k,MzE3,VGhlcmUgYXJlIHRvbyBtYW55IHRoaW5ncyBnb2luZyBvbiByaWdodCBub3cgYW5kIHRvbyBtYW55IHRoaW5ncyB0aGF0ICJDb3VsZCIgaGFwcGVuIHRvIG5vdCBob2xkIHlvdXIgcHV0cywgd2UgYXJlIG1vcmUgdGhhbiBsaWtlbHkgZ29pbmcgaW4gdGhlIHJlZCB0b2RheSBhbmQgb3BlbmluZyByZWQgYWdhaW4gb24gTW9uZGF5CgpUaGUgU1BZIGlzIGhlYWRlZCBkb3duIHRvICQyNzUgbGV2ZWxzIGFuZCBtb3JlIHRoYW4gbGlrZWx5IGxlc3MgdGhhbiB0aGF0IGJlY2F1c2Ugb2YgdGhlIENvcm9uYSB2aXJ1cyBhZmZlY3RpbmcgdGhlIFRvcCA1MDAgY29tcGFuaWVzIGluIHRoZSBVUwoKd2UgV0lMTCBzZWUgYSBiaWcgYWZmZWN0IG9uIFExIGFuZCBRMiBlYXJuaW5ncyBhbm5vdW5jZW1lbnRzIGZyb20gQUxMIFRvcCA1MDAgY29tcGFuaWVzIHdoZW4gdGhleSBhcmUgcmVsZWFzZWQKCkhvbGQgb24gdG8geW91ciBQdXRzIG92ZXIgdGhlIHdlZWtlbmQgYmVjYXVzZSB3ZSBhcmUgbW9yZSB0aGFuIGxpa2VseSBnb2luZyB0byBjbG9zZSBSZWQgdG9kYXkgYW5kIE9wZW4gUmVkIGFnYWluIG9uIE1vbmRheQoKCioqVXBkYXRlIDE6KiogRm94IE5ld3MganVzdCBpbnRlcnZpZXdlZCBhIFBlbm5zeWx2YW5pYSBtYW4gd2hvIHdlbnQgdGhyb3VnaCB0aGUgY29yb25hdmlydXMgcXVhcmFudGluZSBwcm9jZXNzIC0tIGJ1dCBoZSBjb3VsZG4ndCBzdG9wIGNvdWdoaW5nIGR1cmluZyB0aGUgaW50ZXJ2aWV3OiBodHRwczovL3R3aXR0ZXIuY29tL2F0cnVwYXIvc3RhdHVzLzEyMzM0MjM0MzcyODYyMTE1ODUKCioqVXBkYXRlIDI6KiogUnVtb3JzIG9mIDIgY29uZmlybWVkIGNhc2VzIG9mIHRoZSBCZWVyIGluIE1leGljbw==,MTU4MjkzNTU2NC4w
SWYgaXTigJlzIGdvb2QgZW5vdWdoIHRvIHNjcmVlbnNob3QsIGl04oCZcyBnb29kIGVub3VnaCB0byBzZWxsLiBBZGQgMzFrIHRvIHRoZSB0b3RhbCB3aXRoIHRoZSBwcmV2aW91cyBwb3N0LiBUaGlzIGlzIGZyb20geWVzdGVyZGF5,ODQ=,,MTU4MjkzNTQ5MS4w
Qm9vbWVycyBkb27igJl0IGdpdmUgYSBzaGl0LCBhbmQgdGhleeKAmXJlIGFsbCBnb25uYSBkaWUgLSBwcm9vZiBpbnNpZGU=,MTk1,QWxyaWdodCBtb3JvbnM6IHN0b3J5IHRpbWUuIAoKSSB3YXMgYXQgdGhlIGRvY3RvciB0b2RheSBnZXR0aW5nIHJlYWR5LXZhY2NpbmF0ZWQgc28gSSBjYW4ga2VlcCBtYWtpbmcgdGVuZGllcywgYW5kIEkgb3ZlcmhlYXJkIDMgYm9vbWVycyBoYXZpbmcgYSBjb252ZXJzYXRpb246IAoKYm9vbWVyIDE6IOKAnENPUk9OQVZJUlVTIElTIEZBS0UgTkVXUyBJVFMgSlVTVCBBIFNDQVJF4oCdIAoKYm9vbWVyIDI6IOKAnFlPVVJFIFJJR0hUIFRIRVkgSlVTVCBXQU5UIFVTIFRPIFBBTklDIElNIE5PVCBDSEFOR0lORyBBTllUSElORyAKCmJvb21lciAzOiBMRVRTIEFMTCBDT1VHSCBPTiBFQUNIT1RIRVIgVE8gUFJPVkUgSE9XIE5PVCBTQ0FSRUQgV0UgQVJFIAoKc28gaGVyZeKAmXMgdGhlIEREOiBiZWVyIGZsdSBraWxscyBvbGQgcGVvcGxlLCBhbmQgYmFzZWQgb24gbXkgc2FtcGxlIHNpemUgb2YgMywgb2xkIHBlb3BsZSBkb27igJl0IGdpdmUgYSBzaGl0LiAKClRoZXJlZm9yZSwgYWxsIHRoZSBvbGQgcGVvcGxlIGFyZSBnb25uYSBkaWUuIAoKV2h5IGRvZXMgdGhpcyBtYXR0ZXI/IAoKWW914oCZcmUgYWJvdXQgaW4gZ2V0IGEgZmF0IGluaGVyaXRhbmNlIGNoZWNrIGZvciBtb3JlIG1vbmV5IHRoYW4geW914oCZdmUgZXZlciBzZWVuIGluIHlvdXIgbGlmZS4gSWYgeW91IGRvbuKAmXQgaGF2ZSBjb21wYXJhYmxlIG1vbmV5IG5vdywgeW914oCZcmUgZ29ubmEgcGFuaWMgYW5kIGxvc2UgaXQgYWxsIG9uIEZEIGNhbGxzLiAKClNvIGRvIHRoZSBzbWFydCB0aGluZy4gQnV5IHB1dHMgbm93IHNvIHRoYXQgeW914oCZcmUgYWxyZWFkeSByaWNoIHdoZW4gdGhlIGluaGVyaXRhbmNlIGhpdHMsIGFuZCB5b3Ugd29u4oCZdCBmdWNrIGl0IHVwLiAKClRoYW5rIG1lIGxhdGVy,MTU4MjkzNTUxNi4w
VHJhZGluZyA5IGJhZ2dlcnMgbGlrZSBvbmx5IGFuIGF1dGlzdCBjYW4=,MzQ=,,MTU4MjkzMzQwOS4w
V2h5IHlvdXIgcHV0cyB3aWxsIGdldCBmdWNrZWQgb3ZlciB0aGUgd2Vla2VuZA==,NQ==,U28uIFdITyBjYW1lIG91dCBhbmQgcHJldHR5IG11Y2ggc2FpZCB0aGF0IHRoaXMgdGhpbmcgaXMgY29udGFpbmFibGUsIHdhcm5lZCBhZ2FpbnN0IG1pc2luZm9ybWF0aW9uLCBhbmQgc2FpZCBjYXNlcyBpbiBjaGluYSBhcmUgb24gdGhlIGRlY2xpbmUgd2hpbGUgY29udGFpbm1lbnQgbWVhc3VyZXMgYXBwZWFyIHRvIGJlIHNsb3dpbmcgdGhlIHNwcmVhZCBlbHNld2hlcmUuIFRoZXkgZGlkIE5PVCBkZWNsYXJlIGEgcGFuZGVtaWMuCgpWb2xhdGlsaXR5IGlzIGF0IHRoYXQgbGV2ZWwgd2hlcmUgSSdtIGxvb2tpbmcgdG8gZ28gc2hvcnQuIFN1cmUsIHN0b2NrcyBjYW4gZ28gZG93biBtb25kYXkuIEJ1dCB0aGF0IGRvZXNuJ3QgbWVhbiB2b2xhdGlsaXR5IHdpbGwgZm9sbG93IHdpdGggYW4gaW52ZXJzZSBjb3JyZWxhdGlvbi4gCgpFdmVyeW9uZSwgYW5kIEkgZG8gbWVhbiBldmVyeW9uZSwgaXMgZXhwZWN0aW5nIHRoZSBuZXdzIHRvIGdldCB3b3JzZSBvdmVyIHRoZSB3ZWVrZW5kLiBMaWtlIGh1bmRyZWRzIG9mIGNhc2VzIHdvcnNlLiBXaGF0IGRvZXMgdGhpcyBtZWFuPyBJdCBtZWFucyBpZiB0aGUgbnVtYmVycyBjb21lIGluIGFuZCB3ZSBvbmx5IGhhdmUgMTUgbmV3IGNhc2VzLCB0aGlzIGJpdGNoIGdvbm5hIHJpcC4gTGlrZSBmYWNlbWVsdGluZyByYWxseS4gCgpUaGUgVklYIGlzIHRlbGxpbmcgdXMgZmVhciBpcyBwcmV0dHkgbXVjaCBhdCB0aGUgcGVhay4gRXZlcnlvbmUgaXMgZnJlYWtpbmcgdGhlIGZ1Y2sgb3V0LCBsb3RzIG9mIHB1dCBidXlpbmcuIFRoaXMgaXMgdGhlIDd0aCAyJSsgZG93biBkYXkgaW4gYSByb3cuIEV2ZW4gaWYgaXQncyBhcyBiYWQgYXMgcGVvcGxlIGZlYXIsIHRoaXMga2luZCBvZiBzZWxsaW5nIHByZXNzdXJlIGlzbid0IHN1c3RhaW5hYmxlLiAKClRMO0RSOiBWWFggcHV0cyBvciBpbmRleCBjYWxscyBoZXJlLiBUaGUgd2Vla2VuZCBpcyBleHBlY3RlZCB0byBiZSBqdXN0IGhvcnJpYmxlIG5ld3MgbGVmdCBhbmQgcmlnaHQuIElmIHdlIGRvbnQgZ2V0IHRoYXQsIHdlIG1vb24uIElmIHRoZSBmZWQgc3RlcHMgaW4sIHdlIG1vb24uIFJlZ2FyZGxlc3MsIHRoZSBjb252ZXJzYXRpb24gd2lsbCBzaGlmdCBzb29uIHRvIHF1YW50aWZpYWJsZSBtZXRyaWNzIGxpa2UgaGl0cyB0byBzdXBwbHkgY2hhaW5zIGFuZCBkZW1hbmQsIGFuZCBhd2F5IGZyb20gdW5rbm93bnMgYW5kIHVuY2VydGFpbnR5LiBWYWNjaW5lcyBhcmUgaW4gdGhlIHdvcmtzLCBwb3RlbnRpYWwgZ29vZCBuZXdzIHRoZXJlLiBWSVggdGVsbHMgeW91IEZVRCBpcyBwZWFraW5n,MTU4MjkzNTI4Ny4w
VG9kYXkncyBEaXNjdXNzaW9uIGluIHRoZSBzaGFwZSBvZiB0aGUgUyZQIDUwMA==,MTM1,,MTU4MjkzNTI0NS4w
U1BZIFlPTE8gSVYgLSDigJxZb3UndmUgZ290IHRvIGFzayB5b3Vyc2VsZiBvbmUgcXVlc3Rpb246ICdEbyBJIGZlZWwgbHVja3k/JyBXZWxsLCBkbyB5YSwgcHVuaz/igJ0=,OTk=,,MTU4MjkzNDIzOC4w
UklQIFN0dWRlbnQgTG9hbnM=,Nzcw,,MTU4MjkzMzEwMi4w
